context,scenario,dangerous_command,decision,estimate_m,false_safe,filtered_a_m,filtered_b_m,reason,sensor_a_m,sensor_b_m,time_s,truth_m,unnecessary_stop
Assistive,clearly_safe,False,MOVE,2.5425000000000004,False,2.5100000000000002,2.56,Outside caution band,2.5100000000000002,2.56,0.0,2.5,False
Assistive,clearly_safe,False,MOVE,2.5285,False,2.47,2.56,Outside caution band,2.43,,0.05,2.5,False
Assistive,clearly_safe,False,MOVE,2.5145,False,2.43,2.56,Outside caution band,2.4,,0.1,2.5,False
Assistive,clearly_safe,False,MOVE,2.5278,False,2.455,2.567,Outside caution band,2.48,2.58,0.15000000000000002,2.5,False
Assistive,clearly_safe,False,MOVE,2.53655,False,2.48,2.567,Outside caution band,2.63,,0.2,2.5,False
Assistive,clearly_safe,False,MOVE,2.5278,False,2.455,2.567,Outside caution band,2.36,,0.25,2.5,False
Assistive,clearly_safe,False,MOVE,2.5440575,False,2.48,2.57855,Outside caution band,3.22,2.6,0.30000000000000004,2.5,False
Assistive,clearly_safe,False,MOVE,2.5493075,False,2.495,2.57855,Outside caution band,2.58,,0.35000000000000003,2.5,False
Assistive,clearly_safe,False,MOVE,2.5440575,False,2.48,2.57855,Outside caution band,2.41,,0.4,2.5,False
Assistive,clearly_safe,False,MOVE,2.548937375,False,2.48,2.5860575,Outside caution band,,2.6,0.45,2.5,False
Assistive,clearly_safe,False,MOVE,2.540187375,False,2.455,2.5860575,Outside caution band,2.31,,0.5,2.5,False
Assistive,clearly_safe,False,MOVE,2.541937375,False,2.46,2.5860575,Outside caution band,2.46,,0.55,2.5,False
Assistive,clearly_safe,False,MOVE,2.50730929375,False,2.43,2.548937375,Outside caution band,2.29,2.48,0.6000000000000001,2.5,False
Assistive,clearly_safe,False,MOVE,2.51780929375,False,2.46,2.548937375,Outside caution band,2.61,,0.65,2.5,False
Assistive,clearly_safe,False,MOVE,2.52480929375,False,2.48,2.548937375,Outside caution band,2.65,,0.7000000000000001,2.5,False
Assistive,clearly_safe,False,MOVE,2.5399260409375,False,2.49,2.56680929375,Outside caution band,2.49,2.6,0.75,2.5,False
Assistive,clearly_safe,False,MOVE,2.5399260409375,False,2.49,2.56680929375,Outside caution band,2.5500000000000003,,0.8,2.5,False
Assistive,clearly_safe,False,MOVE,2.5399260409375,False,2.49,2.56680929375,Outside caution band,2.46,,0.8500000000000001,2.5,False
Assistive,clearly_safe,False,MOVE,2.552026926609375,False,2.49,2.5854260409375,Outside caution band,2.75,2.62,0.9,2.5,False
Assistive,clearly_safe,False,MOVE,2.541526926609375,False,2.46,2.5854260409375,Outside caution band,2.45,,0.9500000000000001,2.5,False
Assistive,clearly_safe,False,MOVE,2.552026926609375,False,2.49,2.5854260409375,Outside caution band,2.74,,1.0,2.5,False
Assistive,clearly_safe,False,MOVE,2.564792502296094,False,2.5300000000000002,2.583526926609375,Outside caution band,2.5300000000000002,2.58,1.05,2.5,False
Assistive,clearly_safe,False,MOVE,2.564792502296094,False,2.5300000000000002,2.583526926609375,Outside caution band,2.35,,1.1,2.5,False
Assistive,clearly_safe,False,MOVE,2.571792502296094,False,2.5500000000000003,2.583526926609375,Outside caution band,2.61,,1.1500000000000001,2.5,False
Assistive,clearly_safe,False,MOVE,2.559440126492461,False,2.5300000000000002,2.5752925022960937,Outside caution band,1.97,2.56,1.2000000000000002,2.5,False
Assistive,clearly_safe,False,MOVE,2.545440126492461,False,2.49,2.5752925022960937,Outside caution band,2.49,,1.25,2.5,False
Assistive,clearly_safe,False,MOVE,2.559440126492461,False,2.5300000000000002,2.5752925022960937,Outside caution band,2.66,,1.3,2.5,False
Assistive,clearly_safe,False,MOVE,2.5286610822200997,False,2.5300000000000002,2.527940126492461,Outside caution band,2.62,2.44,1.35,2.5,False
Assistive,clearly_safe,False,MOVE,2.5566610822200997,False,2.61,2.527940126492461,Outside caution band,3.0,,1.4000000000000001,2.5,False
Assistive,clearly_safe,False,MOVE,2.5286610822200997,False,2.5300000000000002,2.527940126492461,Outside caution band,2.32,,1.4500000000000002,2.5,False
Assistive,clearly_safe,False,MOVE,2.5286610822200997,False,2.5300000000000002,2.527940126492461,Outside caution band,2.4,,1.5,2.5,False
Assistive,clearly_safe,False,MOVE,2.5286610822200997,False,2.5300000000000002,2.527940126492461,Outside caution band,2.63,,1.55,2.5,False
Assistive,clearly_safe,False,MOVE,2.5286610822200997,False,2.5300000000000002,2.527940126492461,Outside caution band,2.5300000000000002,,1.6,2.5,False
Assistive,clearly_safe,False,MOVE,2.554854703443065,False,2.61,2.5251610822201,Outside caution band,2.62,2.52,1.6500000000000001,2.5,False
Assistive,clearly_safe,False,MOVE,2.544354703443065,False,2.58,2.5251610822201,Outside caution band,2.58,,1.7000000000000002,2.5,False
Assistive,clearly_safe,False,MOVE,2.544354703443065,False,2.58,2.5251610822201,Outside caution band,2.46,,1.75,2.5,False
Assistive,clearly_safe,False,MOVE,2.534080557237992,False,2.58,2.5093547034430648,Outside caution band,2.54,2.48,1.8,2.5,False
Assistive,clearly_safe,False,MOVE,2.534080557237992,False,2.58,2.5093547034430648,Outside caution band,2.73,,1.85,2.5,False
Assistive,clearly_safe,False,MOVE,2.534080557237992,False,2.58,2.5093547034430648,Outside caution band,2.59,,1.9000000000000001,2.5,False
Assistive,clearly_safe,False,MOVE,2.522502362204695,False,2.54,2.513080557237992,Outside caution band,1.69,2.52,1.9500000000000002,2.5,False
Assistive,clearly_safe,False,MOVE,2.522502362204695,False,2.54,2.513080557237992,Outside caution band,2.37,,2.0,2.5,False
Assistive,clearly_safe,False,MOVE,2.522502362204695,False,2.54,2.513080557237992,Outside caution band,2.54,,2.0500000000000003,2.5,False
Assistive,clearly_safe,False,MOVE,2.5468265354330515,False,2.54,2.550502362204695,Outside caution band,2.32,2.62,2.1,2.5,False
Assistive,clearly_safe,False,MOVE,2.5468265354330515,False,2.54,2.550502362204695,Outside caution band,2.35,,2.15,2.5,False
Assistive,clearly_safe,False,MOVE,2.5188265354330515,False,2.46,2.550502362204695,Outside caution band,2.41,,2.2,2.5,False
Assistive,clearly_safe,False,MOVE,2.5209872480314837,False,2.46,2.5538265354330516,Outside caution band,2.64,2.56,2.25,2.5,False
Assistive,clearly_safe,False,MOVE,2.5489872480314837,False,2.54,2.5538265354330516,Outside caution band,2.5500000000000003,,2.3000000000000003,2.5,False
Assistive,clearly_safe,False,MOVE,2.5034872480314836,False,2.41,2.5538265354330516,Outside caution band,2.33,,2.35,2.5,False
Assistive,clearly_safe,False,MOVE,2.4639417112204645,False,2.41,2.4929872480314836,Outside caution band,3.25,2.38,2.4000000000000004,2.5,False
Assistive,clearly_safe,False,MOVE,2.4639417112204645,False,2.41,2.4929872480314836,Outside caution band,2.67,,2.45,2.5,False
Assistive,clearly_safe,False,MOVE,2.4849417112204644,False,2.47,2.4929872480314836,Outside caution band,2.47,,2.5,2.5,False
Assistive,clearly_safe,False,MOVE,2.500187112293302,False,2.47,2.5164417112204642,Outside caution band,2.32,2.56,2.5500000000000003,2.5,False
Assistive,clearly_safe,False,MOVE,2.500187112293302,False,2.47,2.5164417112204642,Outside caution band,2.5300000000000002,,2.6,2.5,False
Assistive,clearly_safe,False,MOVE,2.500187112293302,False,2.47,2.5164417112204642,Outside caution band,2.31,,2.6500000000000004,2.5,False
Assistive,clearly_safe,False,MOVE,2.5219966229906463,False,2.5300000000000002,2.5176871122933018,Outside caution band,2.57,2.52,2.7,2.5,False
Assistive,clearly_safe,False,MOVE,2.5219966229906463,False,2.5300000000000002,2.5176871122933018,Outside caution band,2.49,,2.75,2.5,False
Assistive,clearly_safe,False,MOVE,2.5219966229906463,False,2.5300000000000002,2.5176871122933018,Outside caution band,3.0500000000000003,,2.8000000000000003,2.5,False
Assistive,clearly_safe,False,MOVE,2.52252280494392,False,2.5300000000000002,2.518496622990646,Outside caution band,2.66,2.52,2.85,2.5,False
Assistive,clearly_safe,False,MOVE,2.52252280494392,False,2.5300000000000002,2.518496622990646,Outside caution band,2.5,,2.9000000000000004,2.5,False
Assistive,clearly_safe,False,MOVE,2.51202280494392,False,2.5,2.518496622990646,Outside caution band,2.21,,2.95,2.5,False
Assistive,clearly_safe,False,MOVE,2.521464823213548,False,2.5,2.53302280494392,Outside caution band,2.5500000000000003,2.56,3.0,2.5,False
Assistive,clearly_safe,False,STOP,2.521464823213548,False,2.5,2.53302280494392,Both current readings missing,,,3.0500000000000003,2.5,True
Assistive,clearly_safe,False,MOVE,2.521464823213548,False,2.5,2.53302280494392,Outside caution band,2.5,,3.1,2.5,False
Assistive,clearly_safe,False,MOVE,2.5321521350888063,False,2.5,2.549464823213548,Outside caution band,2.32,2.58,3.1500000000000004,2.5,False
Assistive,clearly_safe,False,STOP,2.5321521350888063,False,2.5,2.549464823213548,Both current readings missing,,,3.2,2.5,True
Assistive,clearly_safe,False,MOVE,2.5321521350888063,False,2.5,2.549464823213548,Outside caution band,2.57,,3.25,2.5,False
Assistive,clearly_safe,False,MOVE,2.5390988878077243,False,2.5,2.5601521350888063,Outside caution band,2.48,2.58,3.3000000000000003,2.5,False
Assistive,clearly_safe,False,MOVE,2.5390988878077243,False,2.5,2.5601521350888063,Outside caution band,2.62,,3.35,2.5,False
Assistive,clearly_safe,False,MOVE,2.5565988878077244,False,2.5500000000000003,2.5601521350888063,Outside caution band,2.62,,3.4000000000000004,2.5,False
Assistive,clearly_safe,False,MOVE,2.5299642770750204,False,2.5,2.546098887807724,Outside caution band,2.35,2.52,3.45,2.5,False
Assistive,clearly_safe,False,MOVE,2.5299642770750204,False,2.5,2.546098887807724,Outside caution band,2.54,,3.5,2.5,False
Assistive,clearly_safe,False,MOVE,2.5299642770750204,False,2.5,2.546098887807724,Outside caution band,2.36,,3.5500000000000003,2.5,False
Assistive,clearly_safe,False,MOVE,2.5285767800987635,False,2.5,2.5439642770750206,Outside caution band,2.45,2.54,3.6,2.5,False
Assistive,clearly_safe,False,MOVE,2.5285767800987635,False,2.5,2.5439642770750206,Outside caution band,2.64,,3.6500000000000004,2.5,False
Assistive,clearly_safe,False,MOVE,2.5215767800987634,False,2.48,2.5439642770750206,Outside caution band,2.47,,3.7,2.5,False
Assistive,clearly_safe,False,MOVE,2.5343249070641964,False,2.48,2.5635767800987637,Outside caution band,2.37,2.6,3.75,2.5,False
Assistive,clearly_safe,False,MOVE,2.530824907064196,False,2.47,2.5635767800987637,Outside caution band,2.47,,3.8000000000000003,2.5,False
Assistive,clearly_safe,False,MOVE,2.530824907064196,False,2.47,2.5635767800987637,Outside caution band,2.62,,3.85,2.5,False
Assistive,clearly_safe,False,MOVE,2.525461189591728,False,2.47,2.5553249070641963,Outside caution band,2.72,2.54,3.9000000000000004,2.5,False
Assistive,clearly_safe,False,MOVE,2.525461189591728,False,2.47,2.5553249070641963,Outside caution band,2.5500000000000003,,3.95,2.5,False
Assistive,conflicting_sensors,False,SLOW,1.0495,False,1.03,1.06,At/below stop boundary; confirmation count 1,1.03,1.06,0.0,1.0,False
Assistive,conflicting_sensors,False,STOP,1.04775,False,1.025,1.06,At/below stop boundary; confirmation count 2,1.02,,0.05,1.0,False
Assistive,conflicting_sensors,False,STOP,1.0495,False,1.03,1.06,At/below stop boundary; confirmation count 3,1.03,,0.1,1.0,False
Assistive,conflicting_sensors,False,STOP,1.0341,False,1.025,1.0390000000000001,At/below stop boundary; confirmation count 4,1.01,1.0,0.15000000000000002,1.0,False
Assistive,conflicting_sensors,False,STOP,1.0358500000000002,False,1.03,1.0390000000000001,At/below stop boundary; confirmation count 5,1.21,,0.2,1.0,False
Assistive,conflicting_sensors,False,STOP,1.0341,False,1.025,1.0390000000000001,At/below stop boundary; confirmation count 6,1.02,,0.25,1.0,False
Assistive,conflicting_sensors,False,STOP,1.0497275000000001,False,1.03,1.0603500000000001,At/below stop boundary; confirmation count 7,1.1,1.1,0.30000000000000004,1.0,False
Assistive,conflicting_sensors,False,STOP,1.0479775,False,1.025,1.0603500000000001,At/below stop boundary; confirmation count 8,0.9500000000000001,,0.35000000000000003,1.0,False
Assistive,conflicting_sensors,False,STOP,1.0462275,False,1.02,1.0603500000000001,At/below stop boundary; confirmation count 9,0.87,,0.4,1.0,False
Assistive,conflicting_sensors,False,STOP,1.052447875,False,1.025,1.0672275,At/below stop boundary; confirmation count 10,1.18,1.08,0.45,1.0,False
Assistive,conflicting_sensors,False,STOP,1.050697875,False,1.02,1.0672275,At/below stop boundary; confirmation count 11,0.92,,0.5,1.0,False
Assistive,conflicting_sensors,False,STOP,1.050697875,False,1.02,1.0672275,At/below stop boundary; confirmation count 12,0.86,,0.55,1.0,False
Assistive,conflicting_sensors,False,STOP,1.05815361875,False,1.02,1.078697875,At/below stop boundary; confirmation count 13,1.05,1.1,0.6000000000000001,1.0,False
Assistive,conflicting_sensors,False,STOP,1.05815361875,False,1.02,1.078697875,At/below stop boundary; confirmation count 14,1.05,,0.65,1.0,False
Assistive,conflicting_sensors,False,STOP,1.05815361875,False,1.02,1.078697875,At/below stop boundary; confirmation count 15,0.92,,0.7000000000000001,1.0,False
Assistive,conflicting_sensors,False,STOP,1.0010498521875002,False,0.96,1.02315361875,At/below stop boundary; confirmation count 16,0.96,0.92,0.75,1.0,False
Assistive,conflicting_sensors,False,STOP,0.9975498521875001,False,0.9500000000000001,1.02315361875,At/below stop boundary; confirmation count 17,0.6799999999999999,,0.8,1.0,False
Assistive,conflicting_sensors,False,STOP,0.9870498521875002,False,0.92,1.02315361875,At/below stop boundary; confirmation count 18,0.6799999999999999,,0.8500000000000001,1.0,False
Assistive,conflicting_sensors,False,STOP,1.045482403921875,False,0.92,1.1130498521875,At/below stop boundary; confirmation count 19,0.6799999999999999,1.28,0.9,1.0,False
Assistive,conflicting_sensors,False,STOP,1.045482403921875,False,0.92,1.1130498521875,At/below stop boundary; confirmation count 20,0.6799999999999999,,0.9500000000000001,1.0,False
Assistive,conflicting_sensors,False,STOP,1.0244824039218752,False,0.86,1.1130498521875,At/below stop boundary; confirmation count 21,0.6799999999999999,,1.0,1.0,False
Assistive,conflicting_sensors,False,STOP,0.9994635625492189,False,0.6799999999999999,1.1714824039218752,At/below stop boundary; confirmation count 22,0.6799999999999999,1.28,1.05,1.0,False
Assistive,conflicting_sensors,False,STOP,0.9994635625492189,False,0.6799999999999999,1.1714824039218752,At/below stop boundary; confirmation count 23,0.6799999999999999,,1.1,1.0,False
Assistive,conflicting_sensors,False,STOP,0.9994635625492189,False,0.6799999999999999,1.1714824039218752,At/below stop boundary; confirmation count 24,0.6799999999999999,,1.1500000000000001,1.0,False
Assistive,conflicting_sensors,False,STOP,1.0241513156569921,False,0.6799999999999999,1.2094635625492187,At/below stop boundary; confirmation count 25,0.6799999999999999,1.28,1.2000000000000002,1.0,False
Assistive,conflicting_sensors,False,STOP,1.0241513156569921,False,0.6799999999999999,1.2094635625492187,At/below stop boundary; confirmation count 26,0.6799999999999999,,1.25,1.0,False
Assistive,conflicting_sensors,False,STOP,1.0241513156569921,False,0.6799999999999999,1.2094635625492187,At/below stop boundary; confirmation count 27,0.6799999999999999,,1.3,1.0,False
Assistive,conflicting_sensors,False,STOP,1.0401983551770448,False,0.6799999999999999,1.234151315656992,At/below stop boundary; confirmation count 28,0.6799999999999999,1.28,1.35,1.0,False
Assistive,conflicting_sensors,False,STOP,1.0401983551770448,False,0.6799999999999999,1.234151315656992,At/below stop boundary; confirmation count 29,0.6799999999999999,,1.4000000000000001,1.0,False
Assistive,conflicting_sensors,False,STOP,1.0401983551770448,False,0.6799999999999999,1.234151315656992,At/below stop boundary; confirmation count 30,0.6799999999999999,,1.4500000000000002,1.0,False
Assistive,conflicting_sensors,False,STOP,1.0506289308650791,False,0.6799999999999999,1.2501983551770448,At/below stop boundary; confirmation count 31,0.6799999999999999,1.28,1.5,1.0,False
Assistive,conflicting_sensors,False,STOP,1.0506289308650791,False,0.6799999999999999,1.2501983551770448,At/below stop boundary; confirmation count 32,0.6799999999999999,,1.55,1.0,False
Assistive,conflicting_sensors,False,STOP,1.0506289308650791,False,0.6799999999999999,1.2501983551770448,At/below stop boundary; confirmation count 33,0.6799999999999999,,1.6,1.0,False
Assistive,conflicting_sensors,False,STOP,1.0574088050623014,False,0.6799999999999999,1.260628930865079,At/below stop boundary; confirmation count 34,0.6799999999999999,1.28,1.6500000000000001,1.0,False
Assistive,conflicting_sensors,False,STOP,1.0574088050623014,False,0.6799999999999999,1.260628930865079,At/below stop boundary; confirmation count 35,0.6799999999999999,,1.7000000000000002,1.0,False
Assistive,conflicting_sensors,False,STOP,1.0574088050623014,False,0.6799999999999999,1.260628930865079,At/below stop boundary; confirmation count 36,0.6799999999999999,,1.75,1.0,False
Assistive,conflicting_sensors,False,STOP,1.061815723290496,False,0.6799999999999999,1.2674088050623014,At/below stop boundary; confirmation count 37,0.6799999999999999,1.28,1.8,1.0,False
Assistive,conflicting_sensors,False,STOP,1.061815723290496,False,0.6799999999999999,1.2674088050623014,At/below stop boundary; confirmation count 38,0.6799999999999999,,1.85,1.0,False
Assistive,conflicting_sensors,False,STOP,1.061815723290496,False,0.6799999999999999,1.2674088050623014,At/below stop boundary; confirmation count 39,0.6799999999999999,,1.9000000000000001,1.0,False
Assistive,conflicting_sensors,False,STOP,1.0646802201388224,False,0.6799999999999999,1.2718157232904959,At/below stop boundary; confirmation count 40,0.6799999999999999,1.28,1.9500000000000002,1.0,False
Assistive,conflicting_sensors,False,STOP,1.0646802201388224,False,0.6799999999999999,1.2718157232904959,At/below stop boundary; confirmation count 41,0.6799999999999999,,2.0,1.0,False
Assistive,conflicting_sensors,False,STOP,1.0646802201388224,False,0.6799999999999999,1.2718157232904959,At/below stop boundary; confirmation count 42,0.6799999999999999,,2.0500000000000003,1.0,False
Assistive,conflicting_sensors,False,STOP,1.0665421430902344,False,0.6799999999999999,1.2746802201388223,At/below stop boundary; confirmation count 43,0.6799999999999999,1.28,2.1,1.0,False
Assistive,conflicting_sensors,False,STOP,1.0665421430902344,False,0.6799999999999999,1.2746802201388223,At/below stop boundary; confirmation count 44,0.6799999999999999,,2.15,1.0,False
Assistive,conflicting_sensors,False,STOP,1.0665421430902344,False,0.6799999999999999,1.2746802201388223,At/below stop boundary; confirmation count 45,0.6799999999999999,,2.2,1.0,False
Assistive,conflicting_sensors,False,STOP,1.0677523930086523,False,0.6799999999999999,1.2765421430902344,At/below stop boundary; confirmation count 46,0.6799999999999999,1.28,2.25,1.0,False
Assistive,conflicting_sensors,False,STOP,1.0677523930086523,False,0.6799999999999999,1.2765421430902344,At/below stop boundary; confirmation count 47,0.6799999999999999,,2.3000000000000003,1.0,False
Assistive,conflicting_sensors,False,STOP,1.0677523930086523,False,0.6799999999999999,1.2765421430902344,At/below stop boundary; confirmation count 48,0.6799999999999999,,2.35,1.0,False
Assistive,conflicting_sensors,False,STOP,1.068539055455624,False,0.6799999999999999,1.2777523930086523,At/below stop boundary; confirmation count 49,0.6799999999999999,1.28,2.4000000000000004,1.0,False
Assistive,conflicting_sensors,False,STOP,1.068539055455624,False,0.6799999999999999,1.2777523930086523,At/below stop boundary; confirmation count 50,0.6799999999999999,,2.45,1.0,False
Assistive,conflicting_sensors,False,STOP,1.068539055455624,False,0.6799999999999999,1.2777523930086523,At/below stop boundary; confirmation count 51,0.6799999999999999,,2.5,1.0,False
Assistive,conflicting_sensors,False,STOP,1.0690503860461555,False,0.6799999999999999,1.278539055455624,At/below stop boundary; confirmation count 52,0.6799999999999999,1.28,2.5500000000000003,1.0,False
Assistive,conflicting_sensors,False,STOP,1.0690503860461555,False,0.6799999999999999,1.278539055455624,At/below stop boundary; confirmation count 53,0.6799999999999999,,2.6,1.0,False
Assistive,conflicting_sensors,False,STOP,1.0690503860461555,False,0.6799999999999999,1.278539055455624,At/below stop boundary; confirmation count 54,0.6799999999999999,,2.6500000000000004,1.0,False
Assistive,conflicting_sensors,False,STOP,1.0693827509300011,False,0.6799999999999999,1.2790503860461555,At/below stop boundary; confirmation count 55,0.6799999999999999,1.28,2.7,1.0,False
Assistive,conflicting_sensors,False,STOP,1.0693827509300011,False,0.6799999999999999,1.2790503860461555,At/below stop boundary; confirmation count 56,0.6799999999999999,,2.75,1.0,False
Assistive,conflicting_sensors,False,STOP,1.0693827509300011,False,0.6799999999999999,1.2790503860461555,At/below stop boundary; confirmation count 57,0.6799999999999999,,2.8000000000000003,1.0,False
Assistive,conflicting_sensors,False,STOP,1.0695987881045006,False,0.6799999999999999,1.279382750930001,At/below stop boundary; confirmation count 58,0.6799999999999999,1.28,2.85,1.0,False
Assistive,conflicting_sensors,False,STOP,1.0695987881045006,False,0.6799999999999999,1.279382750930001,At/below stop boundary; confirmation count 59,0.6799999999999999,,2.9000000000000004,1.0,False
Assistive,conflicting_sensors,False,STOP,1.0695987881045006,False,0.6799999999999999,1.279382750930001,At/below stop boundary; confirmation count 60,0.6799999999999999,,2.95,1.0,False
Assistive,conflicting_sensors,False,STOP,1.0697392122679255,False,0.6799999999999999,1.2795987881045008,At/below stop boundary; confirmation count 61,0.6799999999999999,1.28,3.0,1.0,False
Assistive,conflicting_sensors,False,STOP,1.0697392122679255,False,0.6799999999999999,1.2795987881045008,At/below stop boundary; confirmation count 62,0.6799999999999999,,3.0500000000000003,1.0,False
Assistive,conflicting_sensors,False,STOP,1.0697392122679255,False,0.6799999999999999,1.2795987881045008,At/below stop boundary; confirmation count 63,0.6799999999999999,,3.1,1.0,False
Assistive,conflicting_sensors,False,STOP,1.0698304879741516,False,0.6799999999999999,1.2797392122679256,At/below stop boundary; confirmation count 64,0.6799999999999999,1.28,3.1500000000000004,1.0,False
Assistive,conflicting_sensors,False,STOP,1.0698304879741516,False,0.6799999999999999,1.2797392122679256,At/below stop boundary; confirmation count 65,0.6799999999999999,,3.2,1.0,False
Assistive,conflicting_sensors,False,STOP,1.0698304879741516,False,0.6799999999999999,1.2797392122679256,At/below stop boundary; confirmation count 66,0.6799999999999999,,3.25,1.0,False
Assistive,conflicting_sensors,False,STOP,1.0698898171831985,False,0.6799999999999999,1.2798304879741518,At/below stop boundary; confirmation count 67,0.6799999999999999,1.28,3.3000000000000003,1.0,False
Assistive,conflicting_sensors,False,STOP,1.0698898171831985,False,0.6799999999999999,1.2798304879741518,At/below stop boundary; confirmation count 68,0.6799999999999999,,3.35,1.0,False
Assistive,conflicting_sensors,False,STOP,1.0698898171831985,False,0.6799999999999999,1.2798304879741518,At/below stop boundary; confirmation count 69,0.6799999999999999,,3.4000000000000004,1.0,False
Assistive,conflicting_sensors,False,STOP,1.0699283811690792,False,0.6799999999999999,1.2798898171831987,At/below stop boundary; confirmation count 70,0.6799999999999999,1.28,3.45,1.0,False
Assistive,conflicting_sensors,False,STOP,1.0699283811690792,False,0.6799999999999999,1.2798898171831987,At/below stop boundary; confirmation count 71,0.6799999999999999,,3.5,1.0,False
Assistive,conflicting_sensors,False,STOP,1.0699283811690792,False,0.6799999999999999,1.2798898171831987,At/below stop boundary; confirmation count 72,0.6799999999999999,,3.5500000000000003,1.0,False
Assistive,conflicting_sensors,False,STOP,1.0699534477599013,False,0.6799999999999999,1.2799283811690791,At/below stop boundary; confirmation count 73,0.6799999999999999,1.28,3.6,1.0,False
Assistive,conflicting_sensors,False,STOP,1.0699534477599013,False,0.6799999999999999,1.2799283811690791,At/below stop boundary; confirmation count 74,0.6799999999999999,,3.6500000000000004,1.0,False
Assistive,conflicting_sensors,False,STOP,1.0699534477599013,False,0.6799999999999999,1.2799283811690791,At/below stop boundary; confirmation count 75,0.6799999999999999,,3.7,1.0,False
Assistive,conflicting_sensors,False,STOP,1.069969741043936,False,0.6799999999999999,1.2799534477599015,At/below stop boundary; confirmation count 76,0.6799999999999999,1.28,3.75,1.0,False
Assistive,conflicting_sensors,False,STOP,1.069969741043936,False,0.6799999999999999,1.2799534477599015,At/below stop boundary; confirmation count 77,0.6799999999999999,,3.8000000000000003,1.0,False
Assistive,conflicting_sensors,False,STOP,1.069969741043936,False,0.6799999999999999,1.2799534477599015,At/below stop boundary; confirmation count 78,0.6799999999999999,,3.85,1.0,False
Assistive,conflicting_sensors,False,STOP,1.0699803316785583,False,0.6799999999999999,1.279969741043936,At/below stop boundary; confirmation count 79,0.6799999999999999,1.28,3.9000000000000004,1.0,False
Assistive,conflicting_sensors,False,STOP,1.0699803316785583,False,0.6799999999999999,1.279969741043936,At/below stop boundary; confirmation count 80,0.6799999999999999,,3.95,1.0,False
Assistive,dropout_burst,False,SLOW,1.3935,False,1.53,1.32,Inside caution band,1.53,1.32,0.0,1.4,False
Assistive,dropout_burst,False,SLOW,1.4005,False,1.55,1.32,Inside caution band,1.57,,0.05,1.4,False
Assistive,dropout_burst,False,SLOW,1.3935,False,1.53,1.32,Inside caution band,1.31,,0.1,1.4,False
Assistive,dropout_burst,False,SLOW,1.4102999999999999,False,1.5,1.362,Inside caution band,1.47,1.44,0.15000000000000002,1.4,False
Assistive,dropout_burst,False,STOP,1.4102999999999999,False,1.5,1.362,Both current readings missing,,,0.2,1.4,False
Assistive,dropout_burst,False,SLOW,1.3998,False,1.47,1.362,Inside caution band,1.32,,0.25,1.4,False
Assistive,dropout_burst,False,SLOW,1.373095,False,1.395,1.3613,Inside caution band,1.22,1.36,0.30000000000000004,1.4,False
Assistive,dropout_burst,False,SLOW,1.381845,False,1.42,1.3613,Inside caution band,1.42,,0.35000000000000003,1.4,False
Assistive,dropout_burst,False,STOP,1.381845,False,1.42,1.3613,Both current readings missing,,,0.4,1.4,False
Assistive,dropout_burst,False,SLOW,1.4084992499999998,False,1.4449999999999998,1.3888449999999999,Inside caution band,1.53,1.44,0.45,1.4,False
Assistive,dropout_burst,False,SLOW,1.39974925,False,1.42,1.3888449999999999,Inside caution band,1.35,,0.5,1.4,False
Assistive,dropout_burst,False,SLOW,1.3874992499999999,False,1.385,1.3888449999999999,Inside caution band,1.26,,0.55,1.4,False
Assistive,dropout_burst,False,SLOW,1.3914370125,False,1.35,1.41374925,Inside caution band,0.5,1.46,0.6000000000000001,1.4,False
Assistive,dropout_burst,False,SLOW,1.3914370125,False,1.35,1.41374925,Inside caution band,1.43,,0.65,1.4,False
Assistive,dropout_burst,False,SLOW,1.3914370125,False,1.35,1.41374925,Inside caution band,1.42,,0.7000000000000001,1.4,False
Assistive,dropout_burst,False,SLOW,1.406509058125,False,1.35,1.4369370125,Inside caution band,1.27,1.48,0.75,1.4,False
Assistive,dropout_burst,False,SLOW,1.406509058125,False,1.35,1.4369370125,Inside caution band,1.49,,0.8,1.4,False
Assistive,dropout_burst,False,SLOW,1.431009058125,False,1.42,1.4369370125,Inside caution band,2.02,,0.8500000000000001,1.4,False
Assistive,dropout_burst,False,SLOW,1.43170588778125,False,1.42,1.438009058125,Inside caution band,1.34,1.44,0.9,1.4,False
Assistive,dropout_burst,False,SLOW,1.43170588778125,False,1.42,1.438009058125,Inside caution band,1.47,,0.9500000000000001,1.4,False
Assistive,dropout_burst,False,SLOW,1.41770588778125,False,1.3800000000000001,1.438009058125,Inside caution band,1.3800000000000001,,1.0,1.4,False
Assistive,dropout_burst,False,SLOW,1.4230588270578126,False,1.42,1.4247058877812502,Inside caution band,1.77,1.4000000000000001,1.05,1.4,False
Assistive,dropout_burst,False,SLOW,1.4265588270578125,False,1.43,1.4247058877812502,Inside caution band,1.46,,1.1,1.4,False
Assistive,dropout_burst,False,SLOW,1.4370588270578126,False,1.46,1.4247058877812502,Inside caution band,1.54,,1.1500000000000001,1.4,False
Assistive,dropout_burst,False,SLOW,1.4496382375875783,False,1.46,1.4440588270578125,Inside caution band,1.21,1.48,1.2000000000000002,1.4,False
Assistive,dropout_burst,False,SLOW,1.4496382375875783,False,1.46,1.4440588270578125,Inside caution band,1.24,,1.25,1.4,False
Assistive,dropout_burst,False,SLOW,1.4496382375875783,False,1.46,1.4440588270578125,Inside caution band,1.28,,1.3,1.4,False
Assistive,dropout_burst,False,SLOW,1.4396148544319258,False,1.46,1.4286382375875781,Inside caution band,1.57,1.4000000000000001,1.35,1.4,False
Assistive,dropout_burst,False,SLOW,1.4116148544319258,False,1.3800000000000001,1.4286382375875781,Inside caution band,1.33,,1.4000000000000001,1.4,False
Assistive,dropout_burst,False,SLOW,1.4116148544319258,False,1.3800000000000001,1.4286382375875781,Inside caution band,1.29,,1.4500000000000002,1.4,False
Assistive,dropout_burst,False,STOP,1.4116148544319258,False,1.3800000000000001,1.4286382375875781,Both current readings missing,,,1.5,1.4,False
Assistive,dropout_burst,False,STOP,1.4116148544319258,False,1.3800000000000001,1.4286382375875781,Both current readings missing,,,1.55,1.4,False
Assistive,dropout_burst,False,STOP,1.4116148544319258,False,1.3800000000000001,1.4286382375875781,Both current readings missing,,,1.6,1.4,False
Assistive,dropout_burst,False,STOP,1.4116148544319258,False,1.3800000000000001,1.4286382375875781,Both current readings missing,,,1.6500000000000001,1.4,False
Assistive,dropout_burst,False,STOP,1.4116148544319258,False,1.3800000000000001,1.4286382375875781,Both current readings missing,,,1.7000000000000002,1.4,False
Assistive,dropout_burst,False,STOP,1.4116148544319258,False,1.3800000000000001,1.4286382375875781,Both current readings missing,,,1.75,0.65,False
Assistive,dropout_burst,False,STOP,1.4116148544319258,False,1.3800000000000001,1.4286382375875781,Both current readings missing,,,1.8,0.65,False
Assistive,dropout_burst,False,STOP,1.4116148544319258,False,1.3800000000000001,1.4286382375875781,Both current readings missing,,,1.85,0.65,False
Assistive,dropout_burst,False,STOP,1.4116148544319258,False,1.3800000000000001,1.4286382375875781,Both current readings missing,,,1.9000000000000001,0.65,False
Assistive,dropout_burst,False,STOP,1.4116148544319258,False,1.3800000000000001,1.4286382375875781,Both current readings missing,,,1.9500000000000002,0.65,False
Assistive,dropout_burst,False,STOP,1.4116148544319258,False,1.3800000000000001,1.4286382375875781,Both current readings missing,,,2.0,0.65,False
Assistive,dropout_burst,False,STOP,1.4116148544319258,False,1.3800000000000001,1.4286382375875781,Both current readings missing,,,2.0500000000000003,0.65,False
Assistive,dropout_burst,False,STOP,1.4116148544319258,False,1.3800000000000001,1.4286382375875781,Both current readings missing,,,2.1,0.65,False
Assistive,dropout_burst,False,STOP,1.4116148544319258,False,1.3800000000000001,1.4286382375875781,Both current readings missing,,,2.15,0.65,False
Assistive,dropout_burst,False,STOP,1.4116148544319258,False,1.3800000000000001,1.4286382375875781,Both current readings missing,,,2.2,0.65,False
Assistive,dropout_burst,False,STOP,1.4116148544319258,False,1.3800000000000001,1.4286382375875781,Both current readings missing,,,2.25,0.65,False
Assistive,dropout_burst,False,STOP,1.4116148544319258,False,1.3800000000000001,1.4286382375875781,Both current readings missing,,,2.3000000000000003,0.65,False
Assistive,dropout_burst,False,STOP,1.4116148544319258,False,1.3800000000000001,1.4286382375875781,Both current readings missing,,,2.35,0.65,False
Assistive,dropout_burst,False,STOP,1.4116148544319258,False,1.3800000000000001,1.4286382375875781,Both current readings missing,,,2.4000000000000004,0.65,False
Assistive,dropout_burst,False,STOP,1.4116148544319258,False,1.3800000000000001,1.4286382375875781,Both current readings missing,,,2.45,0.65,False
Assistive,dropout_burst,False,STOP,1.4116148544319258,False,1.3800000000000001,1.4286382375875781,Both current readings missing,,,2.5,0.65,False
Assistive,dropout_burst,False,SLOW,1.2328996553807519,False,1.33,1.180614854431926,Inside caution band,0.58,0.72,2.5500000000000003,0.65,False
Assistive,dropout_burst,False,SLOW,1.2188996553807518,False,1.29,1.180614854431926,Inside caution band,0.58,,2.6,0.65,False
Assistive,dropout_burst,False,SLOW,1.2153996553807518,False,1.28,1.180614854431926,Inside caution band,0.66,,2.6500000000000004,0.65,False
Assistive,dropout_burst,False,SLOW,1.0920597759974886,False,1.24,1.0123996553807517,At/below stop boundary; confirmation count 1,0.61,0.7000000000000001,2.7,0.65,False
Assistive,dropout_burst,False,STOP,1.0815597759974886,False,1.21,1.0123996553807517,At/below stop boundary; confirmation count 2,0.64,,2.75,0.65,False
Assistive,dropout_burst,False,STOP,0.9100597759974887,False,0.72,1.0123996553807517,At/below stop boundary; confirmation count 3,0.72,,2.8000000000000003,0.65,False
Assistive,dropout_burst,False,STOP,0.8162388543983676,False,0.72,0.8680597759974886,At/below stop boundary; confirmation count 4,0.74,0.6,2.85,0.65,False
Assistive,dropout_burst,False,STOP,0.8162388543983676,False,0.72,0.8680597759974886,Both current readings missing,,,2.9000000000000004,0.65,False
Assistive,dropout_burst,False,SLOW,0.7952388543983676,False,0.66,0.8680597759974886,At/below stop boundary; confirmation count 1,0.65,,2.95,0.65,False
Assistive,dropout_burst,False,STOP,0.7661052553589389,False,0.66,0.8232388543983676,At/below stop boundary; confirmation count 2,0.76,0.74,3.0,0.65,False
Assistive,dropout_burst,False,STOP,0.7626052553589389,False,0.65,0.8232388543983676,At/below stop boundary; confirmation count 3,0.58,,3.0500000000000003,0.65,False
Assistive,dropout_burst,False,STOP,0.7626052553589389,False,0.65,0.8232388543983676,At/below stop boundary; confirmation count 4,0.67,,3.1,0.65,False
Assistive,dropout_burst,False,STOP,0.7391184159833104,False,0.65,0.7871052553589389,At/below stop boundary; confirmation count 5,0.55,0.72,3.1500000000000004,0.65,False
Assistive,dropout_burst,False,STOP,0.7426184159833104,False,0.66,0.7871052553589389,At/below stop boundary; confirmation count 6,0.67,,3.2,0.65,False
Assistive,dropout_burst,False,STOP,0.7426184159833104,False,0.66,0.7871052553589389,Both current readings missing,,,3.25,0.65,False
Assistive,dropout_burst,False,SLOW,0.7172019703891517,False,0.67,0.7426184159833104,At/below stop boundary; confirmation count 1,0.78,0.66,3.3000000000000003,0.65,False
Assistive,dropout_burst,False,STOP,0.7172019703891517,False,0.67,0.7426184159833104,At/below stop boundary; confirmation count 2,0.7000000000000001,,3.35,0.65,False
Assistive,dropout_burst,False,STOP,0.7172019703891517,False,0.67,0.7426184159833104,At/below stop boundary; confirmation count 3,0.62,,3.4000000000000004,0.65,False
Assistive,dropout_burst,False,STOP,0.7166062807529486,False,0.67,0.7417019703891518,At/below stop boundary; confirmation count 4,0.58,0.74,3.45,0.65,False
Assistive,dropout_burst,False,STOP,0.7096062807529486,False,0.65,0.7417019703891518,At/below stop boundary; confirmation count 5,0.5700000000000001,,3.5,0.65,False
Assistive,dropout_burst,False,STOP,0.6991062807529487,False,0.62,0.7417019703891518,At/below stop boundary; confirmation count 6,0.43,,3.5500000000000003,0.65,False
Assistive,dropout_burst,False,STOP,0.6896190824894166,False,0.62,0.7271062807529487,At/below stop boundary; confirmation count 7,0.64,0.7000000000000001,3.6,0.65,False
Assistive,dropout_burst,False,STOP,0.6966190824894166,False,0.64,0.7271062807529487,At/below stop boundary; confirmation count 8,0.68,,3.6500000000000004,0.65,False
Assistive,dropout_burst,False,STOP,0.6966190824894166,False,0.64,0.7271062807529487,At/below stop boundary; confirmation count 9,0.67,,3.7,0.65,False
Assistive,dropout_burst,False,STOP,0.6950024036181208,False,0.64,0.7246190824894166,At/below stop boundary; confirmation count 10,0.58,0.72,3.75,0.65,False
Assistive,dropout_burst,False,STOP,0.6950024036181208,False,0.64,0.7246190824894166,At/below stop boundary; confirmation count 11,0.93,,3.8000000000000003,0.65,False
Assistive,dropout_burst,False,STOP,0.6880024036181208,False,0.62,0.7246190824894166,At/below stop boundary; confirmation count 12,0.47000000000000003,,3.85,0.65,False
Assistive,dropout_burst,False,STOP,0.6456515623517786,False,0.58,0.6810024036181208,At/below stop boundary; confirmation count 13,0.49,0.6,3.9000000000000004,0.65,False
Assistive,dropout_burst,False,STOP,0.6456515623517786,False,0.58,0.6810024036181208,At/below stop boundary; confirmation count 14,0.6,,3.95,0.65,False
Assistive,fast_approach,False,MOVE,2.9395,False,3.0500000000000003,2.88,Outside caution band,3.0500000000000003,2.88,0.0,2.8,False
Assistive,fast_approach,False,MOVE,2.9290000000000003,False,3.0200000000000005,2.88,Outside caution band,2.99,,0.05,2.76,False
Assistive,fast_approach,False,MOVE,2.9185,False,2.99,2.88,Outside caution band,2.7,,0.1,2.7199999999999998,False
Assistive,fast_approach,False,MOVE,2.8268,False,2.845,2.8169999999999997,Outside caution band,2.5300000000000002,2.7,0.15000000000000002,2.6799999999999997,False
Assistive,fast_approach,False,MOVE,2.7760499999999997,False,2.7,2.8169999999999997,Outside caution band,2.68,,0.2,2.6399999999999997,False
Assistive,fast_approach,False,MOVE,2.77255,False,2.6900000000000004,2.8169999999999997,Outside caution band,2.49,,0.25,2.5999999999999996,False
Assistive,fast_approach,False,MOVE,2.7333325,False,2.68,2.76205,Outside caution band,2.47,2.66,0.30000000000000004,2.5599999999999996,False
Assistive,fast_approach,False,MOVE,2.7298324999999997,False,2.67,2.76205,Outside caution band,2.66,,0.35000000000000003,2.5199999999999996,False
Assistive,fast_approach,False,MOVE,2.7263325,False,2.66,2.76205,Outside caution band,2.48,,0.4,2.48,False
Assistive,fast_approach,False,MOVE,2.6667161249999998,False,2.595,2.7053325,Outside caution band,1.6600000000000001,2.6,0.45,2.44,False
Assistive,fast_approach,False,STOP,2.6667161249999998,False,2.595,2.7053325,Both current readings missing,,,0.5,2.4,True
Assistive,fast_approach,False,MOVE,2.643966125,False,2.5300000000000002,2.7053325,Outside caution band,1.73,,0.55,2.36,False
Assistive,fast_approach,False,MOVE,2.58780298125,False,2.49,2.6404661249999997,Outside caution band,2.2,2.52,0.6000000000000001,2.32,False
Assistive,fast_approach,False,MOVE,2.58430298125,False,2.48,2.6404661249999997,Outside caution band,2.0300000000000002,,0.65,2.28,False
Assistive,fast_approach,False,MOVE,2.5808029812499997,False,2.47,2.6404661249999997,Outside caution band,2.34,,0.7000000000000001,2.2399999999999998,False
Assistive,fast_approach,False,MOVE,2.4532969378125,False,2.34,2.51430298125,Outside caution band,2.2800000000000002,2.2800000000000002,0.75,2.1999999999999997,False
Assistive,fast_approach,False,MOVE,2.4322969378125,False,2.2800000000000002,2.51430298125,Outside caution band,2.25,,0.8,2.1599999999999997,False
Assistive,fast_approach,False,MOVE,2.4217969378125,False,2.25,2.51430298125,Outside caution band,2.04,,0.8500000000000001,2.1199999999999997,False
Assistive,fast_approach,False,MOVE,2.3100430095781253,False,2.2,2.3692969378125,Outside caution band,2.1,2.1,0.9,2.08,False
Assistive,fast_approach,False,MOVE,2.275043009578125,False,2.1,2.3692969378125,Outside caution band,2.07,,0.9500000000000001,2.04,False
Assistive,fast_approach,False,MOVE,2.2645430095781247,False,2.07,2.3692969378125,Outside caution band,1.8800000000000001,,1.0,1.9999999999999998,False
Assistive,fast_approach,False,MOVE,2.1896279562257814,False,2.07,2.254043009578125,Outside caution band,1.8800000000000001,2.04,1.05,1.96,False
Assistive,fast_approach,False,MOVE,2.1896279562257814,False,2.07,2.254043009578125,Outside caution band,1.84,,1.1,1.92,False
Assistive,fast_approach,False,MOVE,2.1791279562257815,False,2.04,2.254043009578125,Outside caution band,1.9100000000000001,,1.1500000000000001,1.88,False
Assistive,fast_approach,False,MOVE,2.053083171546758,False,2.04,2.0601279562257817,Outside caution band,1.74,1.7,1.2000000000000002,1.8399999999999999,False
Assistive,fast_approach,False,MOVE,2.007583171546758,False,1.9100000000000001,2.0601279562257817,Outside caution band,1.74,,1.25,1.7999999999999998,False
Assistive,fast_approach,False,MOVE,1.997083171546758,False,1.8800000000000001,2.0601279562257817,Outside caution band,1.6500000000000001,,1.3,1.7599999999999998,False
Assistive,fast_approach,False,MOVE,1.9288040615053927,False,1.8800000000000001,1.9550831715467583,Outside caution band,1.83,1.76,1.35,1.7199999999999998,False
Assistive,fast_approach,False,STOP,1.9288040615053927,False,1.8800000000000001,1.9550831715467583,Both current readings missing,,,1.4000000000000001,1.6799999999999997,True
Assistive,fast_approach,False,MOVE,1.914804061505393,False,1.84,1.9550831715467583,Outside caution band,1.57,,1.4500000000000002,1.64,False
Assistive,fast_approach,False,MOVE,1.8259726399785055,False,1.83,1.8238040615053928,Outside caution band,1.54,1.58,1.5,1.5999999999999999,False
Assistive,fast_approach,False,MOVE,1.8154726399785055,False,1.8,1.8238040615053928,Outside caution band,1.8,,1.55,1.5599999999999998,False
Assistive,fast_approach,False,MOVE,1.7944726399785054,False,1.74,1.8238040615053928,Outside caution band,1.4000000000000001,,1.6,1.5199999999999998,False
Assistive,fast_approach,False,MOVE,1.7071572159860284,False,1.74,1.6894726399785054,Outside caution band,1.54,1.44,1.6500000000000001,1.4799999999999998,False
Assistive,fast_approach,False,MOVE,1.6756572159860283,False,1.6500000000000001,1.6894726399785054,Outside caution band,1.32,,1.7000000000000002,1.4399999999999997,False
Assistive,fast_approach,False,MOVE,1.6476572159860283,False,1.57,1.6894726399785054,Outside caution band,1.57,,1.75,1.3999999999999997,False
Assistive,fast_approach,False,MOVE,1.5772521903909182,False,1.57,1.5811572159860283,Outside caution band,1.37,1.3800000000000001,1.8,1.3599999999999999,False
Assistive,fast_approach,False,MOVE,1.5667521903909183,False,1.54,1.5811572159860283,Outside caution band,1.27,,1.85,1.3199999999999998,False
Assistive,fast_approach,False,MOVE,1.5667521903909183,False,1.54,1.5811572159860283,Outside caution band,1.37,,1.9000000000000001,1.2799999999999998,False
Assistive,fast_approach,False,SLOW,1.449238923754097,False,1.4000000000000001,1.4757521903909183,Inside caution band,1.27,1.28,1.9500000000000002,1.2399999999999998,False
Assistive,fast_approach,False,SLOW,1.4387389237540968,False,1.37,1.4757521903909183,Inside caution band,1.26,,2.0,1.1999999999999997,False
Assistive,fast_approach,False,SLOW,1.4387389237540968,False,1.37,1.4757521903909183,Inside caution band,1.27,,2.0500000000000003,1.1599999999999997,False
Assistive,fast_approach,False,SLOW,1.353955300440163,False,1.32,1.3722389237540968,Inside caution band,1.24,1.18,2.1,1.1199999999999999,False
Assistive,fast_approach,False,SLOW,1.336455300440163,False,1.27,1.3722389237540968,Inside caution band,1.06,,2.15,1.0799999999999998,False
Assistive,fast_approach,False,SLOW,1.336455300440163,False,1.27,1.3722389237540968,Inside caution band,0.9500000000000001,,2.2,1.0399999999999998,False
Assistive,fast_approach,False,SLOW,1.2517709452861059,False,1.27,1.241955300440163,Inside caution band,1.0,1.0,2.25,0.9999999999999998,False
Assistive,fast_approach,False,SLOW,1.2482709452861058,False,1.26,1.241955300440163,Inside caution band,1.22,,2.3000000000000003,0.9599999999999997,False
Assistive,fast_approach,False,SLOW,1.241270945286106,False,1.24,1.241955300440163,Inside caution band,0.8200000000000001,,2.35,0.9199999999999997,False
Assistive,fast_approach,False,SLOW,1.156476114435969,False,1.22,1.122270945286106,Inside caution band,0.9400000000000001,0.9,2.4000000000000004,0.8799999999999999,False
Assistive,fast_approach,False,SLOW,1.100476114435969,False,1.06,1.122270945286106,At/below stop boundary; confirmation count 1,0.8300000000000001,,2.45,0.8399999999999999,False
Assistive,fast_approach,False,STOP,1.0794761144359688,False,1.0,1.122270945286106,At/below stop boundary; confirmation count 2,0.9,,2.5,0.7999999999999998,False
Assistive,fast_approach,False,STOP,1.0023094743833798,False,0.9500000000000001,1.0304761144359689,At/below stop boundary; confirmation count 3,0.75,0.86,2.5500000000000003,0.7599999999999998,False
Assistive,fast_approach,False,STOP,0.9988094743833797,False,0.9400000000000001,1.0304761144359689,At/below stop boundary; confirmation count 4,0.73,,2.6,0.7199999999999998,False
Assistive,fast_approach,False,STOP,0.9848094743833797,False,0.9,1.0304761144359689,At/below stop boundary; confirmation count 5,0.62,,2.6500000000000004,0.6799999999999997,False
Assistive,fast_approach,False,STOP,0.8896761583491969,False,0.8300000000000001,0.9218094743833798,At/below stop boundary; confirmation count 6,0.77,0.72,2.7,0.6399999999999997,False
Assistive,fast_approach,False,STOP,0.8861761583491969,False,0.8200000000000001,0.9218094743833798,At/below stop boundary; confirmation count 7,0.8200000000000001,,2.75,0.5999999999999996,False
Assistive,fast_approach,False,STOP,0.8861761583491969,False,0.8200000000000001,0.9218094743833798,Both current readings missing,,,2.8000000000000003,0.5599999999999996,False
Assistive,fast_approach,False,SLOW,0.8129645029269779,False,0.8200000000000001,0.8091761583491969,At/below stop boundary; confirmation count 1,0.45,0.6,2.85,0.5199999999999996,False
Assistive,fast_approach,False,STOP,0.7954645029269779,False,0.77,0.8091761583491969,At/below stop boundary; confirmation count 2,0.67,,2.9000000000000004,0.48,False
Assistive,fast_approach,False,STOP,0.7884645029269779,False,0.75,0.8091761583491969,At/below stop boundary; confirmation count 3,0.51,,2.95,0.43999999999999995,False
Assistive,fast_approach,False,STOP,0.6792769269025356,False,0.73,0.6519645029269779,At/below stop boundary; confirmation count 4,0.33,0.36,3.0,0.3999999999999999,False
Assistive,fast_approach,False,STOP,0.6582769269025357,False,0.67,0.6519645029269779,At/below stop boundary; confirmation count 5,0.45,,3.0500000000000003,0.3599999999999999,False
Assistive,fast_approach,False,STOP,0.6407769269025356,False,0.62,0.6519645029269779,At/below stop boundary; confirmation count 6,0.46,,3.1,0.35,False
Assistive,fast_approach,False,STOP,0.5404050024866482,False,0.51,0.5567769269025357,At/below stop boundary; confirmation count 7,0.43,0.38,3.1500000000000004,0.35,False
Assistive,fast_approach,False,STOP,0.5229050024866482,False,0.46,0.5567769269025357,At/below stop boundary; confirmation count 8,0.26,,3.2,0.35,False
Assistive,fast_approach,False,STOP,0.5194050024866482,False,0.45,0.5567769269025357,At/below stop boundary; confirmation count 9,0.31,,3.25,0.35,False
Assistive,fast_approach,False,STOP,0.4700882516163213,False,0.45,0.4809050024866482,At/below stop boundary; confirmation count 10,0.43,0.34,3.3000000000000003,0.35,False
Assistive,fast_approach,False,STOP,0.4630882516163213,False,0.43,0.4809050024866482,At/below stop boundary; confirmation count 11,0.39,,3.35,0.35,False
Assistive,fast_approach,False,STOP,0.4630882516163213,False,0.43,0.4809050024866482,At/below stop boundary; confirmation count 12,0.47000000000000003,,3.4000000000000004,0.35,False
Assistive,fast_approach,False,STOP,0.4401323635506088,False,0.43,0.4455882516163213,At/below stop boundary; confirmation count 13,0.46,0.38,3.45,0.35,False
Assistive,fast_approach,False,STOP,0.4401323635506088,False,0.43,0.4455882516163213,At/below stop boundary; confirmation count 14,0.3,,3.5,0.35,False
Assistive,fast_approach,False,STOP,0.4401323635506088,False,0.43,0.4455882516163213,At/below stop boundary; confirmation count 15,0.22,,3.5500000000000003,0.35,False
Assistive,fast_approach,False,STOP,0.4203110363078958,False,0.39,0.43663236355060886,At/below stop boundary; confirmation count 16,0.26,0.42,3.6,0.35,False
Assistive,fast_approach,False,STOP,0.4203110363078958,False,0.39,0.43663236355060886,At/below stop boundary; confirmation count 17,0.39,,3.6500000000000004,0.35,False
Assistive,fast_approach,False,STOP,0.3993110363078958,False,0.33,0.43663236355060886,At/below stop boundary; confirmation count 18,0.33,,3.7,0.35,False
Assistive,fast_approach,False,STOP,0.36822717360013224,False,0.33,0.38881103630789576,At/below stop boundary; confirmation count 19,,0.3,3.75,0.35,False
Assistive,fast_approach,False,STOP,0.36822717360013224,False,0.33,0.38881103630789576,At/below stop boundary; confirmation count 20,0.25,,3.8000000000000003,0.35,False
Assistive,fast_approach,False,STOP,0.36822717360013224,False,0.33,0.38881103630789576,At/below stop boundary; confirmation count 21,0.32,,3.85,0.35,False
Assistive,fast_approach,False,STOP,0.330872662840086,False,0.32,0.33672717360013227,At/below stop boundary; confirmation count 22,0.29,0.24,3.9000000000000004,0.35,False
Assistive,fast_approach,False,STOP,0.330872662840086,False,0.32,0.33672717360013227,Both current readings missing,,,3.95,0.35,False
Assistive,near_threshold,False,SLOW,0.9575,False,0.99,0.9400000000000001,At/below stop boundary; confirmation count 1,0.99,0.9400000000000001,0.0,0.87,False
Assistive,near_threshold,False,STOP,0.9137500000000001,False,0.865,0.9400000000000001,At/below stop boundary; confirmation count 2,0.74,,0.05,0.88,False
Assistive,near_threshold,False,STOP,0.9225000000000001,False,0.89,0.9400000000000001,At/below stop boundary; confirmation count 3,0.89,,0.1,0.89,False
Assistive,near_threshold,False,STOP,0.9197000000000001,False,0.8300000000000001,0.9680000000000001,At/below stop boundary; confirmation count 4,0.77,1.02,0.15000000000000002,0.9,False
Assistive,near_threshold,False,STOP,0.9407000000000001,False,0.89,0.9680000000000001,At/below stop boundary; confirmation count 5,1.16,,0.2,0.91,False
Assistive,near_threshold,False,STOP,0.9494500000000001,False,0.915,0.9680000000000001,At/below stop boundary; confirmation count 6,0.9400000000000001,,0.25,0.92,False
Assistive,near_threshold,False,STOP,0.9161300000000001,False,0.89,0.9302000000000001,At/below stop boundary; confirmation count 7,0.85,0.86,0.30000000000000004,0.93,False
Assistive,near_threshold,False,STOP,0.9091300000000001,False,0.87,0.9302000000000001,At/below stop boundary; confirmation count 8,0.8200000000000001,,0.35000000000000003,0.9400000000000001,False
Assistive,near_threshold,False,STOP,0.9161300000000001,False,0.89,0.9302000000000001,At/below stop boundary; confirmation count 9,1.02,,0.4,0.9500000000000001,False
Assistive,near_threshold,False,STOP,0.9316595000000001,False,0.915,0.9406300000000001,At/below stop boundary; confirmation count 10,1.08,0.96,0.45,0.9600000000000001,False
Assistive,near_threshold,False,STOP,0.9404095000000001,False,0.9400000000000001,0.9406300000000001,At/below stop boundary; confirmation count 11,1.02,,0.5,0.87,False
Assistive,near_threshold,False,STOP,0.9229095,False,0.89,0.9406300000000001,At/below stop boundary; confirmation count 12,0.63,,0.55,0.88,False
Assistive,near_threshold,False,STOP,0.9038661750000001,False,0.9400000000000001,0.8844095000000001,At/below stop boundary; confirmation count 13,1.16,0.78,0.6000000000000001,0.89,False
Assistive,near_threshold,False,STOP,0.9038661750000001,False,0.9400000000000001,0.8844095000000001,At/below stop boundary; confirmation count 14,0.74,,0.65,0.9,False
Assistive,near_threshold,False,STOP,0.921366175,False,0.99,0.8844095000000001,At/below stop boundary; confirmation count 15,0.99,,0.7000000000000001,0.91,False
Assistive,near_threshold,False,STOP,0.9301630137500001,False,0.9400000000000001,0.924866175,At/below stop boundary; confirmation count 16,0.84,1.0,0.75,0.92,False
Assistive,near_threshold,False,STOP,0.94766301375,False,0.99,0.924866175,At/below stop boundary; confirmation count 17,1.07,,0.8,0.93,False
Assistive,near_threshold,False,STOP,0.94766301375,False,0.99,0.924866175,At/below stop boundary; confirmation count 18,0.97,,0.8500000000000001,0.9400000000000001,False
Assistive,near_threshold,False,STOP,0.9647559589375001,False,0.99,0.95116301375,At/below stop boundary; confirmation count 19,0.65,1.0,0.9,0.9500000000000001,False
Assistive,near_threshold,False,STOP,0.9647559589375001,False,0.99,0.95116301375,At/below stop boundary; confirmation count 20,1.1300000000000001,,0.9500000000000001,0.9600000000000001,False
Assistive,near_threshold,False,STOP,0.9577559589375,False,0.97,0.95116301375,At/below stop boundary; confirmation count 21,0.9500000000000001,,1.0,0.87,False
Assistive,near_threshold,False,STOP,0.9527663733093751,False,0.9500000000000001,0.9542559589375,At/below stop boundary; confirmation count 22,0.91,0.96,1.05,0.88,False
Assistive,near_threshold,False,STOP,0.9527663733093751,False,0.9500000000000001,0.9542559589375,At/below stop boundary; confirmation count 23,0.84,,1.1,0.89,False
Assistive,near_threshold,False,STOP,0.942266373309375,False,0.92,0.9542559589375,At/below stop boundary; confirmation count 24,0.92,,1.1500000000000001,0.9,False
Assistive,near_threshold,False,STOP,0.9208231426510938,False,0.92,0.9212663733093751,At/below stop boundary; confirmation count 25,0.87,0.86,1.2000000000000002,0.91,False
Assistive,near_threshold,False,STOP,0.9173231426510938,False,0.91,0.9212663733093751,At/below stop boundary; confirmation count 26,0.71,,1.25,0.92,False
Assistive,near_threshold,False,STOP,0.9208231426510938,False,0.92,0.9212663733093751,At/below stop boundary; confirmation count 27,0.93,,1.3,0.93,False
Assistive,near_threshold,False,STOP,0.9569350427232111,False,0.92,0.9768231426510938,At/below stop boundary; confirmation count 28,0.97,1.08,1.35,0.9400000000000001,False
Assistive,near_threshold,False,STOP,0.953435042723211,False,0.91,0.9768231426510938,At/below stop boundary; confirmation count 29,0.87,,1.4000000000000001,0.9500000000000001,False
Assistive,near_threshold,False,STOP,0.9569350427232111,False,0.92,0.9768231426510938,At/below stop boundary; confirmation count 30,1.05,,1.4500000000000002,0.9600000000000001,False
Assistive,near_threshold,False,STOP,0.9177577777700872,False,0.91,0.9219350427232109,At/below stop boundary; confirmation count 31,0.8200000000000001,0.8200000000000001,1.5,0.87,False
Assistive,near_threshold,False,STOP,0.9177577777700872,False,0.91,0.9219350427232109,At/below stop boundary; confirmation count 32,0.9500000000000001,,1.55,0.88,False
Assistive,near_threshold,False,STOP,0.9212577777700872,False,0.92,0.9219350427232109,At/below stop boundary; confirmation count 33,0.92,,1.6,0.89,False
Assistive,near_threshold,False,STOP,0.9117175555505568,False,0.92,0.9072577777700872,At/below stop boundary; confirmation count 34,0.97,0.88,1.6500000000000001,0.9,False
Assistive,near_threshold,False,STOP,0.9117175555505568,False,0.92,0.9072577777700872,At/below stop boundary; confirmation count 35,0.8200000000000001,,1.7000000000000002,0.91,False
Assistive,near_threshold,False,STOP,0.9117175555505568,False,0.92,0.9072577777700872,At/below stop boundary; confirmation count 36,0.72,,1.75,0.92,False
Assistive,near_threshold,False,STOP,0.9499664111078618,False,0.93,0.9607175555505567,At/below stop boundary; confirmation count 37,0.9500000000000001,1.06,1.8,0.93,False
Assistive,near_threshold,False,STOP,0.9569664111078618,False,0.9500000000000001,0.9607175555505567,At/below stop boundary; confirmation count 38,0.97,,1.85,0.9400000000000001,False
Assistive,near_threshold,False,STOP,0.9569664111078618,False,0.9500000000000001,0.9607175555505567,At/below stop boundary; confirmation count 39,1.02,,1.9000000000000001,0.9500000000000001,False
Assistive,near_threshold,False,STOP,0.9613531672201102,False,0.9500000000000001,0.9674664111078618,At/below stop boundary; confirmation count 40,0.9500000000000001,0.98,1.9500000000000002,0.9600000000000001,False
Assistive,near_threshold,False,STOP,0.9613531672201102,False,0.9500000000000001,0.9674664111078618,At/below stop boundary; confirmation count 41,0.91,,2.0,0.87,False
Assistive,near_threshold,False,STOP,0.9613531672201102,False,0.9500000000000001,0.9674664111078618,At/below stop boundary; confirmation count 42,1.01,,2.0500000000000003,0.88,False
Assistive,near_threshold,False,STOP,0.9642045586930716,False,0.9500000000000001,0.9718531672201102,At/below stop boundary; confirmation count 43,1.03,0.98,2.1,0.89,False
Assistive,near_threshold,False,STOP,0.9642045586930716,False,0.9500000000000001,0.9718531672201102,At/below stop boundary; confirmation count 44,0.91,,2.15,0.9,False
Assistive,near_threshold,False,STOP,0.9642045586930716,False,0.9500000000000001,0.9718531672201102,At/below stop boundary; confirmation count 45,0.99,,2.2,0.91,False
Assistive,near_threshold,False,STOP,0.9524079631504966,False,0.9500000000000001,0.9537045586930717,At/below stop boundary; confirmation count 46,0.8,0.92,2.25,0.92,False
Assistive,near_threshold,False,STOP,0.9524079631504966,False,0.9500000000000001,0.9537045586930717,At/below stop boundary; confirmation count 47,0.88,,2.3000000000000003,0.93,False
Assistive,near_threshold,False,STOP,0.9524079631504966,False,0.9500000000000001,0.9537045586930717,At/below stop boundary; confirmation count 48,0.84,,2.35,0.9400000000000001,False
Assistive,near_threshold,False,STOP,0.9534901760478228,False,0.91,0.9769079631504965,At/below stop boundary; confirmation count 49,0.78,1.02,2.4000000000000004,0.9500000000000001,False
Assistive,near_threshold,False,STOP,0.9534901760478228,False,0.91,0.9769079631504965,At/below stop boundary; confirmation count 50,0.71,,2.45,0.9600000000000001,False
Assistive,near_threshold,False,STOP,0.9499901760478229,False,0.9,0.9769079631504965,At/below stop boundary; confirmation count 51,0.9,,2.5,0.87,False
Assistive,near_threshold,False,STOP,0.9345936144310849,False,0.88,0.9639901760478229,At/below stop boundary; confirmation count 52,0.87,0.9400000000000001,2.5500000000000003,0.88,False
Assistive,near_threshold,False,STOP,0.9310936144310848,False,0.87,0.9639901760478229,At/below stop boundary; confirmation count 53,0.78,,2.6,0.89,False
Assistive,near_threshold,False,STOP,0.9310936144310848,False,0.87,0.9639901760478229,At/below stop boundary; confirmation count 54,0.97,,2.6500000000000004,0.9,False
Assistive,near_threshold,False,STOP,0.9165358493802052,False,0.87,0.9415936144310848,At/below stop boundary; confirmation count 55,1.06,0.9,2.7,0.91,False
Assistive,near_threshold,False,STOP,0.9165358493802052,False,0.87,0.9415936144310848,At/below stop boundary; confirmation count 56,1.6500000000000001,,2.75,0.92,False
Assistive,near_threshold,False,STOP,0.9200358493802052,False,0.88,0.9415936144310848,At/below stop boundary; confirmation count 57,0.9,,2.8000000000000003,0.93,False
Assistive,near_threshold,False,STOP,0.8979733020971333,False,0.87,0.9130358493802051,At/below stop boundary; confirmation count 58,0.78,0.86,2.85,0.9400000000000001,False
Assistive,near_threshold,False,STOP,0.9014733020971333,False,0.88,0.9130358493802051,At/below stop boundary; confirmation count 59,0.88,,2.9000000000000004,0.9500000000000001,False
Assistive,near_threshold,False,STOP,0.9084733020971334,False,0.9,0.9130358493802051,At/below stop boundary; confirmation count 60,1.07,,2.95,0.9600000000000001,False
Assistive,near_threshold,False,STOP,0.8964076463631367,False,0.9,0.8944733020971334,At/below stop boundary; confirmation count 61,0.86,0.86,3.0,0.87,False
Assistive,near_threshold,False,STOP,0.8964076463631367,False,0.9,0.8944733020971334,Both current readings missing,,,3.0500000000000003,0.88,False
Assistive,near_threshold,False,SLOW,0.8894076463631366,False,0.88,0.8944733020971334,At/below stop boundary; confirmation count 1,0.48,,3.1,0.89,False
Assistive,near_threshold,False,STOP,0.8861149701360389,False,0.88,0.8894076463631366,At/below stop boundary; confirmation count 2,0.74,0.88,3.1500000000000004,0.9,False
Assistive,near_threshold,False,STOP,0.8931149701360388,False,0.9,0.8894076463631366,At/below stop boundary; confirmation count 3,0.9,,3.2,0.91,False
Assistive,near_threshold,False,STOP,0.8861149701360389,False,0.88,0.8894076463631366,At/below stop boundary; confirmation count 4,0.33,,3.25,0.92,False
Assistive,near_threshold,False,STOP,0.9158247305884253,False,0.88,0.9351149701360388,At/below stop boundary; confirmation count 5,0.91,1.02,3.3000000000000003,0.93,False
Assistive,near_threshold,False,STOP,0.9158247305884253,False,0.88,0.9351149701360388,At/below stop boundary; confirmation count 6,0.9,,3.35,0.9400000000000001,False
Assistive,near_threshold,False,STOP,0.9158247305884253,False,0.88,0.9351149701360388,At/below stop boundary; confirmation count 7,0.9,,3.4000000000000004,0.9500000000000001,False
Assistive,near_threshold,False,STOP,0.9375860748824765,False,0.9,0.9578247305884252,At/below stop boundary; confirmation count 8,0.99,1.0,3.45,0.9600000000000001,False
Assistive,near_threshold,False,STOP,0.9375860748824765,False,0.9,0.9578247305884252,Both current readings missing,,,3.5,0.87,False
Assistive,near_threshold,False,SLOW,0.9375860748824765,False,0.9,0.9578247305884252,At/below stop boundary; confirmation count 1,1.21,,3.5500000000000003,0.88,False
Assistive,near_threshold,False,STOP,0.9653809486736098,False,0.9,1.0005860748824764,At/below stop boundary; confirmation count 2,0.86,1.08,3.6,0.89,False
Assistive,near_threshold,False,STOP,0.9653809486736098,False,0.9,1.0005860748824764,At/below stop boundary; confirmation count 3,0.9500000000000001,,3.6500000000000004,0.9,False
Assistive,near_threshold,False,STOP,0.9653809486736098,False,0.9,1.0005860748824764,At/below stop boundary; confirmation count 4,1.01,,3.7,0.91,False
Assistive,near_threshold,False,STOP,0.9414476166378463,False,0.91,0.9583809486736097,At/below stop boundary; confirmation count 5,1.02,0.88,3.75,0.92,False
Assistive,near_threshold,False,STOP,0.9484476166378463,False,0.93,0.9583809486736097,At/below stop boundary; confirmation count 6,0.93,,3.8000000000000003,0.93,False
Assistive,near_threshold,False,STOP,0.9484476166378463,False,0.93,0.9583809486736097,At/below stop boundary; confirmation count 7,0.77,,3.85,0.9400000000000001,False
Assistive,near_threshold,False,STOP,0.9558159508146001,False,0.9500000000000001,0.9589476166378462,At/below stop boundary; confirmation count 8,1.01,0.96,3.9000000000000004,0.9500000000000001,False
Assistive,near_threshold,False,STOP,0.9698159508146,False,0.99,0.9589476166378462,At/below stop boundary; confirmation count 9,1.1400000000000001,,3.95,0.9600000000000001,False
Assistive,receding,False,SLOW,0.6884999999999999,False,0.63,0.72,At/below stop boundary; confirmation count 1,0.63,0.72,0.0,0.55,False
Assistive,receding,False,STOP,0.6745,False,0.5900000000000001,0.72,At/below stop boundary; confirmation count 2,0.55,,0.05,0.5750000000000001,False
Assistive,receding,False,STOP,0.6745,False,0.5900000000000001,0.72,Both current readings missing,,,0.1,0.6000000000000001,False
Assistive,receding,False,SLOW,0.67905,False,0.59,0.727,At/below stop boundary; confirmation count 1,0.59,0.74,0.15000000000000002,0.625,False
Assistive,receding,False,STOP,0.68605,False,0.61,0.727,At/below stop boundary; confirmation count 2,0.67,,0.2,0.65,False
Assistive,receding,False,STOP,0.6930499999999999,False,0.63,0.727,At/below stop boundary; confirmation count 3,0.86,,0.25,0.675,False
Assistive,receding,False,STOP,0.6984575,False,0.65,0.72455,At/below stop boundary; confirmation count 4,0.6900000000000001,0.72,0.30000000000000004,0.7000000000000001,False
Assistive,receding,False,STOP,0.7054575000000001,False,0.67,0.72455,At/below stop boundary; confirmation count 5,0.71,,0.35000000000000003,0.7250000000000001,False
Assistive,receding,False,STOP,0.7089575,False,0.68,0.72455,At/below stop boundary; confirmation count 6,0.71,,0.4,0.75,False
Assistive,receding,False,STOP,0.734172375,False,0.6900000000000001,0.7579575000000001,At/below stop boundary; confirmation count 7,0.79,0.8200000000000001,0.45,0.775,False
Assistive,receding,False,STOP,0.737672375,False,0.7,0.7579575000000001,At/below stop boundary; confirmation count 8,0.8200000000000001,,0.5,0.8,False
Assistive,receding,False,STOP,0.741172375,False,0.71,0.7579575000000001,At/below stop boundary; confirmation count 9,0.9500000000000001,,0.55,0.8250000000000001,False
Assistive,receding,False,STOP,0.77348704375,False,0.71,0.8076723750000001,At/below stop boundary; confirmation count 10,,0.9,0.6000000000000001,0.8500000000000001,False
Assistive,receding,False,STOP,0.77348704375,False,0.71,0.8076723750000001,At/below stop boundary; confirmation count 11,0.98,,0.65,0.875,False
Assistive,receding,False,STOP,0.80148704375,False,0.79,0.8076723750000001,At/below stop boundary; confirmation count 12,1.07,,0.7000000000000001,0.9000000000000001,False
Assistive,receding,False,STOP,0.8329915784375002,False,0.8200000000000001,0.8399870437500001,At/below stop boundary; confirmation count 13,0.9,0.9,0.75,0.925,False
Assistive,receding,False,STOP,0.8329915784375002,False,0.8200000000000001,0.8399870437500001,At/below stop boundary; confirmation count 14,0.77,,0.8,0.9500000000000001,False
Assistive,receding,False,STOP,0.8224915784375001,False,0.79,0.8399870437500001,At/below stop boundary; confirmation count 15,0.67,,0.8500000000000001,0.9750000000000001,False
Assistive,receding,False,STOP,0.9012445259843751,False,0.8200000000000001,0.9449915784375001,At/below stop boundary; confirmation count 16,1.0,1.1400000000000001,0.9,1.0,False
Assistive,receding,False,STOP,0.9292445259843751,False,0.9,0.9449915784375001,At/below stop boundary; confirmation count 17,1.21,,0.9500000000000001,1.0250000000000001,False
Assistive,receding,False,STOP,0.9467445259843751,False,0.9500000000000001,0.9449915784375001,At/below stop boundary; confirmation count 18,0.96,,1.0,1.05,False
Assistive,receding,False,STOP,1.0128089418898436,False,0.96,1.041244525984375,At/below stop boundary; confirmation count 19,1.09,1.22,1.05,1.0750000000000002,False
Assistive,receding,False,STOP,1.0198089418898437,False,0.98,1.041244525984375,At/below stop boundary; confirmation count 20,1.17,,1.1,1.1,False
Assistive,receding,False,STOP,1.0198089418898437,False,0.98,1.041244525984375,At/below stop boundary; confirmation count 21,0.49,,1.1500000000000001,1.125,False
Assistive,receding,False,STOP,1.0674758122283985,False,1.0,1.1038089418898438,At/below stop boundary; confirmation count 22,1.26,1.22,1.2000000000000002,1.1500000000000001,False
Assistive,receding,False,STOP,1.0674758122283985,False,1.0,1.1038089418898438,At/below stop boundary; confirmation count 23,1.12,,1.25,1.175,False
Assistive,receding,False,STOP,1.0989758122283986,False,1.09,1.1038089418898438,At/below stop boundary; confirmation count 24,1.22,,1.3,1.2000000000000002,False
Assistive,receding,False,STOP,1.1359092779484592,False,1.12,1.1444758122283984,At/below stop boundary; confirmation count 25,1.3,1.22,1.35,1.225,False
Assistive,receding,False,SLOW,1.153409277948459,False,1.17,1.1444758122283984,Inside caution band,1.23,,1.4000000000000001,1.25,False
Assistive,receding,False,SLOW,1.153409277948459,False,1.17,1.1444758122283984,Inside caution band,0.41000000000000003,,1.4500000000000002,1.2750000000000001,False
Assistive,receding,False,SLOW,1.1842410306664983,False,1.17,1.191909277948459,Inside caution band,1.24,1.28,1.5,1.3,False
Assistive,receding,False,SLOW,1.2017410306664984,False,1.22,1.191909277948459,Inside caution band,1.35,,1.55,1.3250000000000002,False
Assistive,receding,False,SLOW,1.2052410306664982,False,1.23,1.191909277948459,Inside caution band,1.56,,1.6,1.35,False
Assistive,receding,False,SLOW,1.2788316699332238,False,1.24,1.2997410306664983,Inside caution band,1.37,1.5,1.6500000000000001,1.375,False
Assistive,receding,False,SLOW,1.285831669933224,False,1.26,1.2997410306664983,Inside caution band,1.99,,1.7000000000000002,1.4000000000000001,False
Assistive,receding,False,SLOW,1.2998316699332237,False,1.3,1.2997410306664983,Inside caution band,1.3,,1.75,1.425,False
Assistive,receding,False,SLOW,1.3544905854565954,False,1.3,1.3838316699332238,Inside caution band,1.53,1.54,1.8,1.4500000000000002,False
Assistive,receding,False,SLOW,1.3719905854565955,False,1.35,1.3838316699332238,Inside caution band,1.46,,1.85,1.475,False
Assistive,receding,False,SLOW,1.3789905854565956,False,1.37,1.3838316699332238,Inside caution band,1.6300000000000001,,1.9000000000000001,1.5,False
Assistive,receding,False,SLOW,1.464218880546787,False,1.46,1.4664905854565955,Inside caution band,1.48,1.62,1.9500000000000002,1.5250000000000001,False
Assistive,receding,False,SLOW,1.471218880546787,False,1.48,1.4664905854565955,Inside caution band,1.6,,2.0,1.55,False
Assistive,receding,False,SLOW,1.488718880546787,False,1.53,1.4664905854565955,Inside caution band,1.56,,2.0500000000000003,1.5750000000000002,False
Assistive,receding,False,SLOW,1.488718880546787,False,1.53,1.4664905854565955,Inside caution band,1.51,,2.1,1.6,False
Assistive,receding,False,SLOW,1.488718880546787,False,1.53,1.4664905854565955,Inside caution band,1.57,,2.15,1.625,False
Assistive,receding,False,SLOW,1.499218880546787,False,1.56,1.4664905854565955,Inside caution band,1.68,,2.2,1.6500000000000001,False
Assistive,receding,False,MOVE,1.5432422723554116,False,1.56,1.5342188805467871,Outside caution band,1.6300000000000001,1.6600000000000001,2.25,1.675,False
Assistive,receding,False,MOVE,1.5467422723554116,False,1.57,1.5342188805467871,Outside caution band,1.84,,2.3000000000000003,1.7000000000000002,False
Assistive,receding,False,MOVE,1.5572422723554116,False,1.6,1.5342188805467871,Outside caution band,1.9000000000000001,,2.35,1.725,False
Assistive,receding,False,MOVE,1.6040574770310174,False,1.6,1.6062422723554115,Outside caution band,,1.74,2.4000000000000004,1.7500000000000002,False
Assistive,receding,False,MOVE,1.6145574770310176,False,1.6300000000000001,1.6062422723554115,Outside caution band,1.79,,2.45,1.7750000000000001,False
Assistive,receding,False,MOVE,1.6145574770310176,False,1.6300000000000001,1.6062422723554115,Outside caution band,1.93,,2.5,1.8,False
Assistive,receding,False,MOVE,1.6320574770310174,False,1.68,1.6062422723554115,Outside caution band,1.84,,2.5500000000000003,1.8250000000000002,False
Assistive,receding,False,MOVE,1.6705574770310174,False,1.79,1.6062422723554115,Outside caution band,1.8,,2.6,1.85,False
Assistive,receding,False,MOVE,1.6705574770310174,False,1.79,1.6062422723554115,Outside caution band,1.2,,2.6500000000000004,1.8750000000000002,False
Assistive,receding,False,MOVE,1.7408873600701615,False,1.8,1.7090574770310176,Outside caution band,2.0,1.9000000000000001,2.7,1.9000000000000001,False
Assistive,receding,False,MOVE,1.7548873600701613,False,1.84,1.7090574770310176,Outside caution band,1.85,,2.75,1.925,False
Assistive,receding,False,MOVE,1.7548873600701613,False,1.84,1.7090574770310176,Outside caution band,1.93,,2.8000000000000003,1.9500000000000002,False
Assistive,receding,False,MOVE,1.810926784045605,False,1.85,1.7898873600701615,Outside caution band,1.95,1.94,2.85,1.975,False
Assistive,receding,False,MOVE,1.810926784045605,False,1.85,1.7898873600701615,Outside caution band,1.84,,2.9000000000000004,2.0,False
Assistive,receding,False,MOVE,1.810926784045605,False,1.85,1.7898873600701615,Outside caution band,2.06,,2.95,2.0250000000000004,False
Assistive,receding,False,MOVE,1.9231274096296433,False,1.93,1.919426784045605,Outside caution band,2.09,2.16,3.0,2.05,False
Assistive,receding,False,MOVE,1.9196274096296433,False,1.92,1.919426784045605,Outside caution band,1.92,,3.0500000000000003,2.075,False
Assistive,receding,False,MOVE,1.9231274096296433,False,1.93,1.919426784045605,Outside caution band,2.35,,3.1,2.1,False
Assistive,receding,False,MOVE,2.0030578162592683,False,1.95,2.0316274096296434,Outside caution band,2.44,2.24,3.1500000000000004,2.125,False
Assistive,receding,False,MOVE,2.0205578162592683,False,2.0,2.0316274096296434,Outside caution band,2.25,,3.2,2.1500000000000004,False
Assistive,receding,False,MOVE,2.0415578162592682,False,2.06,2.0316274096296434,Outside caution band,2.08,,3.25,2.175,False
Assistive,receding,False,MOVE,2.0641125805685245,False,2.08,2.055557816259268,Outside caution band,2.16,2.1,3.3000000000000003,2.2,False
Assistive,receding,False,MOVE,2.0641125805685245,False,2.08,2.055557816259268,Outside caution band,2.02,,3.35,2.225,False
Assistive,receding,False,MOVE,2.0676125805685244,False,2.09,2.055557816259268,Outside caution band,2.09,,3.4000000000000004,2.25,False
Assistive,receding,False,MOVE,2.1414231773695405,False,2.09,2.169112580568524,Outside caution band,2.38,2.38,3.45,2.2750000000000004,False
Assistive,receding,False,MOVE,2.1659231773695407,False,2.16,2.169112580568524,Outside caution band,2.31,,3.5,2.3,False
Assistive,receding,False,MOVE,2.1659231773695407,False,2.16,2.169112580568524,Outside caution band,2.16,,3.5500000000000003,2.325,False
Assistive,receding,False,MOVE,2.2636000652902015,False,2.25,2.2709231773695406,Outside caution band,2.37,2.46,3.6,2.35,False
Assistive,receding,False,MOVE,2.2636000652902015,False,2.25,2.2709231773695406,Outside caution band,2.54,,3.6500000000000004,2.375,False
Assistive,receding,False,MOVE,2.2636000652902015,False,2.25,2.2709231773695406,Outside caution band,2.39,,3.7,2.4000000000000004,False
Assistive,receding,False,MOVE,2.325165042438631,False,2.29,2.3441000652902013,Outside caution band,2.29,2.48,3.75,2.425,False
Assistive,receding,False,MOVE,2.332165042438631,False,2.31,2.3441000652902013,Outside caution band,2.42,,3.8000000000000003,2.45,False
Assistive,receding,False,MOVE,2.335665042438631,False,2.32,2.3441000652902013,Outside caution band,2.32,,3.85,2.475,False
Assistive,receding,False,MOVE,2.41138227758511,False,2.37,2.433665042438631,Outside caution band,2.72,2.6,3.9000000000000004,2.5,False
Assistive,receding,False,MOVE,2.41488227758511,False,2.38,2.433665042438631,Outside caution band,2.59,,3.95,2.5250000000000004,False
Assistive,stationary_danger,False,SLOW,0.397,False,0.28,0.46,At/below stop boundary; confirmation count 1,0.28,0.46,0.0,0.55,False
Assistive,stationary_danger,False,STOP,0.44775000000000004,False,0.42500000000000004,0.46,At/below stop boundary; confirmation count 2,0.5700000000000001,,0.05,0.55,False
Assistive,stationary_danger,False,STOP,0.4425,False,0.41000000000000003,0.46,At/below stop boundary; confirmation count 3,0.41000000000000003,,0.1,0.55,False
Assistive,stationary_danger,False,STOP,0.4887,False,0.49000000000000005,0.48800000000000004,At/below stop boundary; confirmation count 4,0.75,0.54,0.15000000000000002,0.55,False
Assistive,stationary_danger,False,STOP,0.5167,False,0.5700000000000001,0.48800000000000004,At/below stop boundary; confirmation count 5,0.86,,0.2,0.55,False
Assistive,stationary_danger,False,STOP,0.5342,False,0.6200000000000001,0.48800000000000004,At/below stop boundary; confirmation count 6,0.67,,0.25,0.55,False
Assistive,stationary_danger,False,STOP,0.56493,False,0.5700000000000001,0.5622,At/below stop boundary; confirmation count 7,0.34,0.7000000000000001,0.30000000000000004,0.55,False
Assistive,stationary_danger,False,STOP,0.55093,False,0.53,0.5622,At/below stop boundary; confirmation count 8,0.49,,0.35000000000000003,0.55,False
Assistive,stationary_danger,False,STOP,0.53693,False,0.49,0.5622,At/below stop boundary; confirmation count 9,0.41000000000000003,,0.4,0.55,False
Assistive,stationary_danger,False,STOP,0.5686295,False,0.53,0.58943,At/below stop boundary; confirmation count 10,0.58,0.64,0.45,0.55,False
Assistive,stationary_danger,False,STOP,0.5721295,False,0.54,0.58943,At/below stop boundary; confirmation count 11,0.54,,0.5,0.55,False
Assistive,stationary_danger,False,STOP,0.5826295,False,0.5700000000000001,0.58943,At/below stop boundary; confirmation count 12,0.64,,0.55,0.55,False
Assistive,stationary_danger,False,STOP,0.565434175,False,0.54,0.5791295000000001,At/below stop boundary; confirmation count 13,0.52,0.56,0.6000000000000001,0.55,False
Assistive,stationary_danger,False,STOP,0.579434175,False,0.58,0.5791295000000001,At/below stop boundary; confirmation count 14,0.6,,0.65,0.55,False
Assistive,stationary_danger,False,STOP,0.579434175,False,0.58,0.5791295000000001,At/below stop boundary; confirmation count 15,0.71,,0.7000000000000001,0.55,False
Assistive,stationary_danger,False,STOP,0.59433221375,False,0.5700000000000001,0.6074341750000001,At/below stop boundary; confirmation count 16,0.5700000000000001,0.66,0.75,0.55,False
Assistive,stationary_danger,False,STOP,0.5873322137500001,False,0.55,0.6074341750000001,At/below stop boundary; confirmation count 17,0.55,,0.8,0.55,False
Assistive,stationary_danger,False,STOP,0.59433221375,False,0.5700000000000001,0.6074341750000001,At/below stop boundary; confirmation count 18,0.73,,0.8500000000000001,0.55,False
Assistive,stationary_danger,False,STOP,0.5779409389375,False,0.58,0.57683221375,At/below stop boundary; confirmation count 19,0.62,0.52,0.9,0.55,False
Assistive,stationary_danger,False,STOP,0.5779409389375,False,0.58,0.57683221375,At/below stop boundary; confirmation count 20,0.53,,0.9500000000000001,0.55,False
Assistive,stationary_danger,False,STOP,0.5849409389375,False,0.6,0.57683221375,At/below stop boundary; confirmation count 21,0.63,,1.0,0.55,False
Assistive,stationary_danger,False,STOP,0.581111610309375,False,0.6,0.5709409389375,At/below stop boundary; confirmation count 22,0.54,0.56,1.05,0.55,False
Assistive,stationary_danger,False,STOP,0.570611610309375,False,0.5700000000000001,0.5709409389375,At/below stop boundary; confirmation count 23,0.54,,1.1,0.55,False
Assistive,stationary_danger,False,STOP,0.581111610309375,False,0.6,0.5709409389375,At/below stop boundary; confirmation count 24,0.7000000000000001,,1.1500000000000001,0.55,False
Assistive,stationary_danger,False,STOP,0.5831725467010938,False,0.6,0.574111610309375,At/below stop boundary; confirmation count 25,,0.58,1.2000000000000002,0.55,False
Assistive,stationary_danger,False,STOP,0.5901725467010938,False,0.62,0.574111610309375,At/below stop boundary; confirmation count 26,0.66,,1.25,0.55,False
Assistive,stationary_danger,False,STOP,0.5866725467010937,False,0.61,0.574111610309375,At/below stop boundary; confirmation count 27,0.61,,1.3,0.55,False
Assistive,stationary_danger,False,STOP,0.591512155355711,False,0.62,0.5761725467010937,At/below stop boundary; confirmation count 28,0.67,0.58,1.35,0.55,False
Assistive,stationary_danger,False,STOP,0.595012155355711,False,0.63,0.5761725467010937,At/below stop boundary; confirmation count 29,0.65,,1.4000000000000001,0.55,False
Assistive,stationary_danger,False,STOP,0.595012155355711,False,0.63,0.5761725467010937,At/below stop boundary; confirmation count 30,0.73,,1.4500000000000002,0.55,False
Assistive,stationary_danger,False,STOP,0.6119829009812121,False,0.65,0.591512155355711,At/below stop boundary; confirmation count 31,0.75,0.62,1.5,0.55,False
Assistive,stationary_danger,False,STOP,0.6119829009812121,False,0.65,0.591512155355711,At/below stop boundary; confirmation count 32,0.62,,1.55,0.55,False
Assistive,stationary_danger,False,STOP,0.6119829009812121,False,0.65,0.591512155355711,At/below stop boundary; confirmation count 33,0.44,,1.6,0.55,False
Assistive,stationary_danger,False,STOP,0.6265138856377879,False,0.66,0.6084829009812122,At/below stop boundary; confirmation count 34,0.66,0.64,1.6500000000000001,0.55,False
Assistive,stationary_danger,False,STOP,0.6265138856377879,False,0.66,0.6084829009812122,At/below stop boundary; confirmation count 35,0.54,,1.7000000000000002,0.55,False
Assistive,stationary_danger,False,STOP,0.6230138856377879,False,0.65,0.6084829009812122,At/below stop boundary; confirmation count 36,0.41000000000000003,,1.75,0.55,False
Assistive,stationary_danger,False,STOP,0.5832840256645622,False,0.62,0.5635138856377879,At/below stop boundary; confirmation count 37,0.52,0.48,1.8,0.55,False
Assistive,stationary_danger,False,STOP,0.5937840256645621,False,0.65,0.5635138856377879,At/below stop boundary; confirmation count 38,1.32,,1.85,0.55,False
Assistive,stationary_danger,False,STOP,0.5832840256645622,False,0.62,0.5635138856377879,At/below stop boundary; confirmation count 39,0.61,,1.9000000000000001,0.55,False
Assistive,stationary_danger,False,STOP,0.6017346166819654,False,0.61,0.5972840256645622,At/below stop boundary; confirmation count 40,0.52,0.66,1.9500000000000002,0.55,False
Assistive,stationary_danger,False,STOP,0.6017346166819654,False,0.61,0.5972840256645622,At/below stop boundary; confirmation count 41,0.65,,2.0,0.55,False
Assistive,stationary_danger,False,STOP,0.5912346166819654,False,0.58,0.5972840256645622,At/below stop boundary; confirmation count 42,0.58,,2.0500000000000003,0.55,False
Assistive,stationary_danger,False,STOP,0.5645525008432775,False,0.58,0.5562346166819654,At/below stop boundary; confirmation count 43,0.6,0.48,2.1,0.55,False
Assistive,stationary_danger,False,STOP,0.5715525008432775,False,0.6,0.5562346166819654,At/below stop boundary; confirmation count 44,0.66,,2.15,0.55,False
Assistive,stationary_danger,False,STOP,0.5645525008432775,False,0.58,0.5562346166819654,At/below stop boundary; confirmation count 45,0.31,,2.2,0.55,False
Assistive,stationary_danger,False,STOP,0.5836091255481304,False,0.58,0.5855525008432775,At/below stop boundary; confirmation count 46,0.23,0.64,2.25,0.55,False
Assistive,stationary_danger,False,STOP,0.5836091255481304,False,0.58,0.5855525008432775,At/below stop boundary; confirmation count 47,0.45,,2.3000000000000003,0.55,False
Assistive,stationary_danger,False,STOP,0.5871091255481303,False,0.59,0.5855525008432775,At/below stop boundary; confirmation count 48,0.59,,2.35,0.55,False
Assistive,stationary_danger,False,STOP,0.5812959316062848,False,0.59,0.5766091255481304,At/below stop boundary; confirmation count 49,1.33,0.56,2.4000000000000004,0.55,False
Assistive,stationary_danger,False,STOP,0.5812959316062848,False,0.59,0.5766091255481304,At/below stop boundary; confirmation count 50,0.61,,2.45,0.55,False
Assistive,stationary_danger,False,STOP,0.5812959316062848,False,0.59,0.5766091255481304,At/below stop boundary; confirmation count 51,0.49,,2.5,0.55,False
Assistive,stationary_danger,False,STOP,0.5911673555440851,False,0.59,0.5917959316062847,At/below stop boundary; confirmation count 52,1.37,0.62,2.5500000000000003,0.55,False
Assistive,stationary_danger,False,STOP,0.5911673555440851,False,0.59,0.5917959316062847,At/below stop boundary; confirmation count 53,0.56,,2.6,0.55,False
Assistive,stationary_danger,False,STOP,0.5911673555440851,False,0.59,0.5917959316062847,At/below stop boundary; confirmation count 54,0.68,,2.6500000000000004,0.55,False
Assistive,stationary_danger,False,STOP,0.5839337811036553,False,0.59,0.5806673555440851,At/below stop boundary; confirmation count 55,0.6,0.56,2.7,0.55,False
Assistive,stationary_danger,False,STOP,0.5874337811036553,False,0.6,0.5806673555440851,At/below stop boundary; confirmation count 56,0.68,,2.75,0.55,False
Assistive,stationary_danger,False,STOP,0.5874337811036553,False,0.6,0.5806673555440851,At/below stop boundary; confirmation count 57,0.52,,2.8000000000000003,0.55,False
Assistive,stationary_danger,False,STOP,0.613531957717376,False,0.61,0.6154337811036553,At/below stop boundary; confirmation count 58,0.66,0.68,2.85,0.55,False
Assistive,stationary_danger,False,STOP,0.613531957717376,False,0.61,0.6154337811036553,At/below stop boundary; confirmation count 59,0.54,,2.9000000000000004,0.55,False
Assistive,stationary_danger,False,STOP,0.613531957717376,False,0.61,0.6154337811036553,At/below stop boundary; confirmation count 60,0.74,,2.95,0.55,False
Assistive,stationary_danger,False,STOP,0.6201707725162944,False,0.6,0.631031957717376,At/below stop boundary; confirmation count 61,0.34,0.66,3.0,0.55,False
Assistive,stationary_danger,False,STOP,0.6271707725162944,False,0.62,0.631031957717376,At/below stop boundary; confirmation count 62,0.62,,3.0500000000000003,0.55,False
Assistive,stationary_danger,False,STOP,0.6201707725162944,False,0.6,0.631031957717376,At/below stop boundary; confirmation count 63,0.33,,3.1,0.55,False
Assistive,stationary_danger,False,STOP,0.5949110021355913,False,0.6,0.5921707725162944,At/below stop boundary; confirmation count 64,0.51,0.52,3.1500000000000004,0.55,False
Assistive,stationary_danger,False,STOP,0.5739110021355913,False,0.54,0.5921707725162944,At/below stop boundary; confirmation count 65,0.51,,3.2,0.55,False
Assistive,stationary_danger,False,STOP,0.5669110021355913,False,0.52,0.5921707725162944,At/below stop boundary; confirmation count 66,0.51,,3.25,0.55,False
Assistive,stationary_danger,False,STOP,0.5823421513881344,False,0.52,0.6159110021355914,At/below stop boundary; confirmation count 67,0.5700000000000001,0.66,3.3000000000000003,0.55,False
Assistive,stationary_danger,False,STOP,0.5823421513881344,False,0.52,0.6159110021355914,Both current readings missing,,,3.35,0.55,False
Assistive,stationary_danger,False,SLOW,0.5788421513881343,False,0.51,0.6159110021355914,At/below stop boundary; confirmation count 1,0.35000000000000003,,3.4000000000000004,0.55,False
Assistive,stationary_danger,False,STOP,0.5752223984022874,False,0.51,0.6103421513881344,At/below stop boundary; confirmation count 2,0.58,0.6,3.45,0.55,False
Assistive,stationary_danger,False,STOP,0.5752223984022874,False,0.51,0.6103421513881344,At/below stop boundary; confirmation count 3,0.68,,3.5,0.55,False
Assistive,stationary_danger,False,STOP,0.5752223984022874,False,0.51,0.6103421513881344,At/below stop boundary; confirmation count 4,0.41000000000000003,,3.5500000000000003,0.55,False
Assistive,stationary_danger,False,STOP,0.5501195589614869,False,0.51,0.5717223984022874,At/below stop boundary; confirmation count 5,0.49,0.5,3.6,0.55,False
Assistive,stationary_danger,False,STOP,0.5501195589614869,False,0.51,0.5717223984022874,At/below stop boundary; confirmation count 6,1.44,,3.6500000000000004,0.55,False
Assistive,stationary_danger,False,STOP,0.5501195589614869,False,0.51,0.5717223984022874,At/below stop boundary; confirmation count 7,0.45,,3.7,0.55,False
Assistive,stationary_danger,False,STOP,0.5429027133249664,False,0.51,0.5606195589614869,At/below stop boundary; confirmation count 8,0.74,0.54,3.75,0.55,False
Assistive,stationary_danger,False,STOP,0.5569027133249664,False,0.55,0.5606195589614869,At/below stop boundary; confirmation count 9,0.55,,3.8000000000000003,0.55,False
Assistive,stationary_danger,False,STOP,0.5569027133249664,False,0.55,0.5606195589614869,At/below stop boundary; confirmation count 10,0.52,,3.85,0.55,False
Assistive,stationary_danger,False,STOP,0.5658617636612282,False,0.55,0.5744027133249665,At/below stop boundary; confirmation count 11,0.59,0.6,3.9000000000000004,0.55,False
Assistive,stationary_danger,False,STOP,0.5763617636612283,False,0.58,0.5744027133249665,At/below stop boundary; confirmation count 12,0.65,,3.95,0.55,False
Warehouse,clearly_safe,False,MOVE,2.52,False,,2.52,Outside caution band,,2.52,0.0,2.5,False
Warehouse,clearly_safe,False,MOVE,2.52,False,2.52,2.52,Outside caution band,2.52,,0.05,2.5,False
Warehouse,clearly_safe,False,MOVE,2.54275,False,2.585,2.52,Outside caution band,2.65,,0.1,2.5,False
Warehouse,clearly_safe,False,MOVE,2.5063500000000003,False,2.52,2.499,Outside caution band,2.5,2.46,0.15000000000000002,2.5,False
Warehouse,clearly_safe,False,MOVE,2.50285,False,2.51,2.499,Outside caution band,2.4,,0.2,2.5,False
Warehouse,clearly_safe,False,STOP,2.50285,False,2.51,2.499,Both current readings missing,,,0.25,2.5,True
Warehouse,clearly_safe,False,MOVE,2.4985275000000002,False,2.5100000000000002,2.49235,Outside caution band,2.5100000000000002,2.48,0.30000000000000004,2.5,False
Warehouse,clearly_safe,False,MOVE,2.5002775,False,2.515,2.49235,Outside caution band,2.65,,0.35000000000000003,2.5,False
Warehouse,clearly_safe,False,MOVE,2.5020275,False,2.52,2.49235,Outside caution band,2.57,,0.4,2.5,False
Warehouse,clearly_safe,False,MOVE,2.512167875,False,2.57,2.4810275,Outside caution band,2.62,2.46,0.45,2.5,False
Warehouse,clearly_safe,False,MOVE,2.4911678750000004,False,2.5100000000000002,2.4810275,Outside caution band,2.46,,0.5,2.5,False
Warehouse,clearly_safe,False,MOVE,2.4911678750000004,False,2.5100000000000002,2.4810275,Outside caution band,2.5,,0.55,2.5,False
Warehouse,clearly_safe,False,MOVE,2.52418411875,False,2.54,2.515667875,Outside caution band,2.54,2.58,0.6000000000000001,2.5,False
Warehouse,clearly_safe,False,MOVE,2.52418411875,False,2.54,2.515667875,Outside caution band,2.42,,0.65,2.5,False
Warehouse,clearly_safe,False,MOVE,2.52418411875,False,2.54,2.515667875,Outside caution band,2.61,,0.7000000000000001,2.5,False
Warehouse,clearly_safe,False,MOVE,2.5248196771874998,False,2.5,2.53818411875,Outside caution band,2.45,2.58,0.75,2.5,False
Warehouse,clearly_safe,False,MOVE,2.5248196771874998,False,2.5,2.53818411875,Outside caution band,2.5100000000000002,,0.8,2.5,False
Warehouse,clearly_safe,False,STOP,2.5248196771874998,False,2.5,2.53818411875,Both current readings missing,,,0.8500000000000001,2.5,True
Warehouse,clearly_safe,False,MOVE,2.537832790171875,False,2.5100000000000002,2.5528196771875,Outside caution band,2.5500000000000003,2.58,0.9,2.5,False
Warehouse,clearly_safe,False,MOVE,2.548332790171875,False,2.54,2.5528196771875,Outside caution band,2.74,,0.9500000000000001,2.5,False
Warehouse,clearly_safe,False,MOVE,2.5413327901718747,False,2.52,2.5528196771875,Outside caution band,2.52,,1.0,2.5,False
Warehouse,clearly_safe,False,MOVE,2.530716313611719,False,2.5500000000000003,2.520332790171875,Outside caution band,2.56,2.46,1.05,2.5,False
Warehouse,clearly_safe,False,MOVE,2.5202163136117184,False,2.52,2.520332790171875,Outside caution band,1.8,,1.1,2.5,False
Warehouse,clearly_safe,False,MOVE,2.5202163136117184,False,2.52,2.520332790171875,Outside caution band,2.33,,1.1500000000000001,2.5,False
Warehouse,clearly_safe,False,MOVE,2.5306406038476172,False,2.5500000000000003,2.5202163136117184,Outside caution band,2.61,2.52,1.2000000000000002,2.5,False
Warehouse,clearly_safe,False,MOVE,2.534140603847617,False,2.56,2.5202163136117184,Outside caution band,2.75,,1.25,2.5,False
Warehouse,clearly_safe,False,MOVE,2.527140603847617,False,2.54,2.5202163136117184,Outside caution band,2.54,,1.3,2.5,False
Warehouse,clearly_safe,False,MOVE,2.527091392500951,False,2.54,2.520140603847617,Outside caution band,2.41,2.52,1.35,2.5,False
Warehouse,clearly_safe,False,MOVE,2.481591392500951,False,2.41,2.520140603847617,Outside caution band,2.4,,1.4000000000000001,2.5,False
Warehouse,clearly_safe,False,MOVE,2.481591392500951,False,2.41,2.520140603847617,Outside caution band,2.37,,1.4500000000000002,2.5,False
Warehouse,clearly_safe,False,MOVE,2.5116594051256182,False,2.47,2.534091392500951,Outside caution band,2.47,2.56,1.5,2.5,False
Warehouse,clearly_safe,False,MOVE,2.494159405125618,False,2.42,2.534091392500951,Outside caution band,2.42,,1.55,2.5,False
Warehouse,clearly_safe,False,MOVE,2.494159405125618,False,2.42,2.534091392500951,Outside caution band,2.62,,1.6,2.5,False
Warehouse,clearly_safe,False,MOVE,2.4955036133316515,False,2.42,2.536159405125618,Outside caution band,2.62,2.54,1.6500000000000001,2.5,False
Warehouse,clearly_safe,False,MOVE,2.4955036133316515,False,2.42,2.536159405125618,Outside caution band,2.38,,1.7000000000000002,2.5,False
Warehouse,clearly_safe,False,MOVE,2.4955036133316515,False,2.42,2.536159405125618,Outside caution band,2.25,,1.75,2.5,False
Warehouse,clearly_safe,False,MOVE,2.5054773486655737,False,2.42,2.5515036133316515,Outside caution band,2.42,2.58,1.8,2.5,False
Warehouse,clearly_safe,False,MOVE,2.5054773486655737,False,2.42,2.5515036133316515,Outside caution band,2.5100000000000002,,1.85,2.5,False
Warehouse,clearly_safe,False,MOVE,2.5369773486655736,False,2.5100000000000002,2.5515036133316515,Outside caution band,3.22,,1.9000000000000001,2.5,False
Warehouse,clearly_safe,False,MOVE,2.511960276632623,False,2.42,2.5614773486655733,Outside caution band,2.33,2.58,1.9500000000000002,2.5,False
Warehouse,clearly_safe,False,MOVE,2.4979602766326225,False,2.38,2.5614773486655733,Outside caution band,2.36,,2.0,2.5,False
Warehouse,clearly_safe,False,MOVE,2.511960276632623,False,2.42,2.5614773486655733,Outside caution band,2.5100000000000002,,2.0500000000000003,2.5,False
Warehouse,clearly_safe,False,MOVE,2.5473241798112047,False,2.47,2.5889602766326227,Outside caution band,2.47,2.64,2.1,2.5,False
Warehouse,clearly_safe,False,MOVE,2.561324179811205,False,2.5100000000000002,2.5889602766326227,Outside caution band,2.58,,2.15,2.5,False
Warehouse,clearly_safe,False,MOVE,2.561324179811205,False,2.5100000000000002,2.5889602766326227,Outside caution band,2.5100000000000002,,2.2,2.5,False
Warehouse,clearly_safe,False,MOVE,2.5270857168772833,False,2.47,2.557824179811205,Outside caution band,2.34,2.5,2.25,2.5,False
Warehouse,clearly_safe,False,MOVE,2.5410857168772836,False,2.5100000000000002,2.557824179811205,Outside caution band,2.5300000000000002,,2.3000000000000003,2.5,False
Warehouse,clearly_safe,False,MOVE,2.5410857168772836,False,2.5100000000000002,2.557824179811205,Outside caution band,2.64,,2.35,2.5,False
Warehouse,clearly_safe,False,MOVE,2.548580715970234,False,2.5300000000000002,2.558585716877283,Outside caution band,2.83,2.56,2.4000000000000004,2.5,False
Warehouse,clearly_safe,False,MOVE,2.548580715970234,False,2.5300000000000002,2.558585716877283,Outside caution band,2.5,,2.45,2.5,False
Warehouse,clearly_safe,False,MOVE,2.541580715970234,False,2.5100000000000002,2.558585716877283,Outside caution band,2.43,,2.5,2.5,False
Warehouse,clearly_safe,False,MOVE,2.540852465380652,False,2.52,2.552080715970234,Outside caution band,2.52,2.54,2.5500000000000003,2.5,False
Warehouse,clearly_safe,False,MOVE,2.544352465380652,False,2.5300000000000002,2.552080715970234,Outside caution band,2.75,,2.6,2.5,False
Warehouse,clearly_safe,False,MOVE,2.540852465380652,False,2.52,2.552080715970234,Outside caution band,2.52,,2.6500000000000004,2.5,False
Warehouse,clearly_safe,False,MOVE,2.5381041024974236,False,2.52,2.547852465380652,Outside caution band,2.45,2.54,2.7,2.5,False
Warehouse,clearly_safe,False,MOVE,2.5381041024974236,False,2.52,2.547852465380652,Outside caution band,2.5500000000000003,,2.75,2.5,False
Warehouse,clearly_safe,False,MOVE,2.5381041024974236,False,2.52,2.547852465380652,Outside caution band,2.68,,2.8000000000000003,2.5,False
Warehouse,clearly_safe,False,MOVE,2.5650176666233255,False,2.5500000000000003,2.5731041024974237,Outside caution band,2.66,2.62,2.85,2.5,False
Warehouse,clearly_safe,False,MOVE,2.5650176666233255,False,2.5500000000000003,2.5731041024974237,Outside caution band,2.38,,2.9000000000000004,2.5,False
Warehouse,clearly_safe,False,MOVE,2.5650176666233255,False,2.5500000000000003,2.5731041024974237,Outside caution band,2.6,,2.95,2.5,False
Warehouse,clearly_safe,False,MOVE,2.5795364833051613,False,2.6,2.5685176666233254,Outside caution band,2.73,2.56,3.0,2.5,False
Warehouse,clearly_safe,False,MOVE,2.5935364833051615,False,2.64,2.5685176666233254,Outside caution band,2.64,,3.0500000000000003,2.5,False
Warehouse,clearly_safe,False,MOVE,2.5935364833051615,False,2.64,2.5685176666233254,Outside caution band,2.45,,3.1,2.5,False
Warehouse,clearly_safe,False,MOVE,2.582148714148355,False,2.6,2.5725364833051616,Outside caution band,2.5,2.58,3.1500000000000004,2.5,False
Warehouse,clearly_safe,False,MOVE,2.568148714148355,False,2.56,2.5725364833051616,Outside caution band,2.56,,3.2,2.5,False
Warehouse,clearly_safe,False,MOVE,2.582148714148355,False,2.6,2.5725364833051616,Outside caution band,2.71,,3.25,2.5,False
Warehouse,clearly_safe,False,MOVE,2.5883966641964307,False,2.6,2.582148714148355,Outside caution band,,2.6,3.3000000000000003,2.5,False
Warehouse,clearly_safe,False,MOVE,2.602396664196431,False,2.64,2.582148714148355,Outside caution band,3.44,,3.35,2.5,False
Warehouse,clearly_safe,False,MOVE,2.5743966641964304,False,2.56,2.582148714148355,Outside caution band,2.35,,3.4000000000000004,2.5,False
Warehouse,clearly_safe,False,MOVE,2.57390783172768,False,2.56,2.5813966641964305,Outside caution band,2.57,2.58,3.45,2.5,False
Warehouse,clearly_safe,False,MOVE,2.5774078317276796,False,2.57,2.5813966641964305,Outside caution band,2.59,,3.5,2.5,False
Warehouse,clearly_safe,False,MOVE,2.5844078317276797,False,2.59,2.5813966641964305,Outside caution band,2.66,,3.5500000000000003,2.5,False
Warehouse,clearly_safe,False,MOVE,2.5795400906229915,False,2.59,2.57390783172768,Outside caution band,2.5300000000000002,2.56,3.6,2.5,False
Warehouse,clearly_safe,False,MOVE,2.572540090622992,False,2.57,2.57390783172768,Outside caution band,2.31,,3.6500000000000004,2.5,False
Warehouse,clearly_safe,False,MOVE,2.572540090622992,False,2.57,2.57390783172768,Outside caution band,2.61,,3.7,2.5,False
Warehouse,clearly_safe,False,MOVE,2.5739260589049446,False,2.57,2.5760400906229917,Outside caution band,2.5300000000000002,2.58,3.75,2.5,False
Warehouse,clearly_safe,False,MOVE,2.559926058904945,False,2.5300000000000002,2.5760400906229917,Outside caution band,2.5300000000000002,,3.8000000000000003,2.5,False
Warehouse,clearly_safe,False,MOVE,2.559926058904945,False,2.5300000000000002,2.5760400906229917,Outside caution band,2.2600000000000002,,3.85,2.5,False
Warehouse,clearly_safe,False,MOVE,2.556276938288214,False,2.5300000000000002,2.5704260589049444,Outside caution band,2.47,2.56,3.9000000000000004,2.5,False
Warehouse,clearly_safe,False,MOVE,2.535276938288214,False,2.47,2.5704260589049444,Outside caution band,2.36,,3.95,2.5,False
Warehouse,conflicting_sensors,False,SLOW,1.0485,False,0.99,1.08,Inside caution band,0.99,1.08,0.0,1.0,False
Warehouse,conflicting_sensors,False,SLOW,1.0625,False,1.03,1.08,Inside caution band,1.07,,0.05,1.0,False
Warehouse,conflicting_sensors,False,SLOW,1.0485,False,0.99,1.08,Inside caution band,0.98,,0.1,1.0,False
Warehouse,conflicting_sensors,False,SLOW,1.0527,False,1.0150000000000001,1.073,Inside caution band,1.04,1.06,0.15000000000000002,1.0,False
Warehouse,conflicting_sensors,False,SLOW,1.05445,False,1.02,1.073,Inside caution band,1.02,,0.2,1.0,False
Warehouse,conflicting_sensors,False,SLOW,1.05795,False,1.03,1.073,Inside caution band,1.05,,0.25,1.0,False
Warehouse,conflicting_sensors,False,SLOW,1.0402925,False,1.04,1.0404499999999999,Inside caution band,1.18,0.98,0.30000000000000004,1.0,False
Warehouse,conflicting_sensors,False,SLOW,1.0402925,False,1.04,1.0404499999999999,Inside caution band,0.9400000000000001,,0.35000000000000003,1.0,False
Warehouse,conflicting_sensors,False,SLOW,1.0367925,False,1.03,1.0404499999999999,Inside caution band,1.03,,0.4,1.0,False
Warehouse,conflicting_sensors,False,SLOW,1.026540125,False,1.04,1.0192925,Inside caution band,1.1400000000000001,0.98,0.45,1.0,False
Warehouse,conflicting_sensors,False,SLOW,1.023040125,False,1.03,1.0192925,Inside caution band,0.98,,0.5,1.0,False
Warehouse,conflicting_sensors,False,SLOW,1.023040125,False,1.03,1.0192925,Inside caution band,0.9400000000000001,,0.55,1.0,False
Warehouse,conflicting_sensors,False,SLOW,0.97840108125,False,0.98,0.977540125,Inside caution band,0.98,0.9,0.6000000000000001,1.0,False
Warehouse,conflicting_sensors,False,SLOW,0.97840108125,False,0.98,0.977540125,Inside caution band,1.02,,0.65,1.0,False
Warehouse,conflicting_sensors,False,SLOW,0.99240108125,False,1.02,0.977540125,Inside caution band,1.08,,0.7000000000000001,1.0,False
Warehouse,conflicting_sensors,False,SLOW,1.0020607028125,False,1.02,0.99240108125,Inside caution band,1.02,1.02,0.75,1.0,False
Warehouse,conflicting_sensors,False,SLOW,0.9880607028125,False,0.98,0.99240108125,Inside caution band,0.6799999999999999,,0.8,1.0,False
Warehouse,conflicting_sensors,False,SLOW,0.9880607028125,False,0.98,0.99240108125,Inside caution band,0.6799999999999999,,0.8500000000000001,1.0,False
Warehouse,conflicting_sensors,False,SLOW,1.053489456828125,False,0.98,1.0930607028125001,Inside caution band,0.6799999999999999,1.28,0.9,1.0,False
Warehouse,conflicting_sensors,False,SLOW,0.9484894568281251,False,0.6799999999999999,1.0930607028125001,Inside caution band,0.6799999999999999,,0.9500000000000001,1.0,False
Warehouse,conflicting_sensors,False,SLOW,0.9484894568281251,False,0.6799999999999999,1.0930607028125001,Inside caution band,0.6799999999999999,,1.0,1.0,False
Warehouse,conflicting_sensors,False,SLOW,0.9910181469382813,False,0.6799999999999999,1.158489456828125,Inside caution band,0.6799999999999999,1.28,1.05,1.0,False
Warehouse,conflicting_sensors,False,SLOW,0.9910181469382813,False,0.6799999999999999,1.158489456828125,Inside caution band,0.6799999999999999,,1.1,1.0,False
Warehouse,conflicting_sensors,False,SLOW,0.9910181469382813,False,0.6799999999999999,1.158489456828125,Inside caution band,0.6799999999999999,,1.1500000000000001,1.0,False
Warehouse,conflicting_sensors,False,SLOW,1.0186617955098827,False,0.6799999999999999,1.2010181469382812,Inside caution band,0.6799999999999999,1.28,1.2000000000000002,1.0,False
Warehouse,conflicting_sensors,False,SLOW,1.0186617955098827,False,0.6799999999999999,1.2010181469382812,Inside caution band,0.6799999999999999,,1.25,1.0,False
Warehouse,conflicting_sensors,False,SLOW,1.0186617955098827,False,0.6799999999999999,1.2010181469382812,Inside caution band,0.6799999999999999,,1.3,1.0,False
Warehouse,conflicting_sensors,False,SLOW,1.0366301670814237,False,0.6799999999999999,1.2286617955098826,Inside caution band,0.6799999999999999,1.28,1.35,1.0,False
Warehouse,conflicting_sensors,False,SLOW,1.0366301670814237,False,0.6799999999999999,1.2286617955098826,Inside caution band,0.6799999999999999,,1.4000000000000001,1.0,False
Warehouse,conflicting_sensors,False,SLOW,1.0366301670814237,False,0.6799999999999999,1.2286617955098826,Inside caution band,0.6799999999999999,,1.4500000000000002,1.0,False
Warehouse,conflicting_sensors,False,SLOW,1.0483096086029253,False,0.6799999999999999,1.2466301670814237,Inside caution band,0.6799999999999999,1.28,1.5,1.0,False
Warehouse,conflicting_sensors,False,SLOW,1.0483096086029253,False,0.6799999999999999,1.2466301670814237,Inside caution band,0.6799999999999999,,1.55,1.0,False
Warehouse,conflicting_sensors,False,SLOW,1.0483096086029253,False,0.6799999999999999,1.2466301670814237,Inside caution band,0.6799999999999999,,1.6,1.0,False
Warehouse,conflicting_sensors,False,SLOW,1.0559012455919015,False,0.6799999999999999,1.2583096086029255,Inside caution band,0.6799999999999999,1.28,1.6500000000000001,1.0,False
Warehouse,conflicting_sensors,False,SLOW,1.0559012455919015,False,0.6799999999999999,1.2583096086029255,Inside caution band,0.6799999999999999,,1.7000000000000002,1.0,False
Warehouse,conflicting_sensors,False,SLOW,1.0559012455919015,False,0.6799999999999999,1.2583096086029255,Inside caution band,0.6799999999999999,,1.75,1.0,False
Warehouse,conflicting_sensors,False,SLOW,1.060835809634736,False,0.6799999999999999,1.2659012455919014,Inside caution band,0.6799999999999999,1.28,1.8,1.0,False
Warehouse,conflicting_sensors,False,SLOW,1.060835809634736,False,0.6799999999999999,1.2659012455919014,Inside caution band,0.6799999999999999,,1.85,1.0,False
Warehouse,conflicting_sensors,False,SLOW,1.060835809634736,False,0.6799999999999999,1.2659012455919014,Inside caution band,0.6799999999999999,,1.9000000000000001,1.0,False
Warehouse,conflicting_sensors,False,SLOW,1.0640432762625782,False,0.6799999999999999,1.2708358096347359,Inside caution band,0.6799999999999999,1.28,1.9500000000000002,1.0,False
Warehouse,conflicting_sensors,False,SLOW,1.0640432762625782,False,0.6799999999999999,1.2708358096347359,Inside caution band,0.6799999999999999,,2.0,1.0,False
Warehouse,conflicting_sensors,False,SLOW,1.0640432762625782,False,0.6799999999999999,1.2708358096347359,Inside caution band,0.6799999999999999,,2.0500000000000003,1.0,False
Warehouse,conflicting_sensors,False,SLOW,1.066128129570676,False,0.6799999999999999,1.2740432762625784,Inside caution band,0.6799999999999999,1.28,2.1,1.0,False
Warehouse,conflicting_sensors,False,SLOW,1.066128129570676,False,0.6799999999999999,1.2740432762625784,Inside caution band,0.6799999999999999,,2.15,1.0,False
Warehouse,conflicting_sensors,False,SLOW,1.066128129570676,False,0.6799999999999999,1.2740432762625784,Inside caution band,0.6799999999999999,,2.2,1.0,False
Warehouse,conflicting_sensors,False,SLOW,1.0674832842209392,False,0.6799999999999999,1.276128129570676,Inside caution band,0.6799999999999999,1.28,2.25,1.0,False
Warehouse,conflicting_sensors,False,SLOW,1.0674832842209392,False,0.6799999999999999,1.276128129570676,Inside caution band,0.6799999999999999,,2.3000000000000003,1.0,False
Warehouse,conflicting_sensors,False,SLOW,1.0674832842209392,False,0.6799999999999999,1.276128129570676,Inside caution band,0.6799999999999999,,2.35,1.0,False
Warehouse,conflicting_sensors,False,SLOW,1.0683641347436106,False,0.6799999999999999,1.2774832842209394,Inside caution band,0.6799999999999999,1.28,2.4000000000000004,1.0,False
Warehouse,conflicting_sensors,False,SLOW,1.0683641347436106,False,0.6799999999999999,1.2774832842209394,Inside caution band,0.6799999999999999,,2.45,1.0,False
Warehouse,conflicting_sensors,False,SLOW,1.0683641347436106,False,0.6799999999999999,1.2774832842209394,Inside caution band,0.6799999999999999,,2.5,1.0,False
Warehouse,conflicting_sensors,False,SLOW,1.0689366875833468,False,0.6799999999999999,1.2783641347436105,Inside caution band,0.6799999999999999,1.28,2.5500000000000003,1.0,False
Warehouse,conflicting_sensors,False,SLOW,1.0689366875833468,False,0.6799999999999999,1.2783641347436105,Inside caution band,0.6799999999999999,,2.6,1.0,False
Warehouse,conflicting_sensors,False,SLOW,1.0689366875833468,False,0.6799999999999999,1.2783641347436105,Inside caution band,0.6799999999999999,,2.6500000000000004,1.0,False
Warehouse,conflicting_sensors,False,SLOW,1.0693088469291756,False,0.6799999999999999,1.278936687583347,Inside caution band,0.6799999999999999,1.28,2.7,1.0,False
Warehouse,conflicting_sensors,False,SLOW,1.0693088469291756,False,0.6799999999999999,1.278936687583347,Inside caution band,0.6799999999999999,,2.75,1.0,False
Warehouse,conflicting_sensors,False,SLOW,1.0693088469291756,False,0.6799999999999999,1.278936687583347,Inside caution band,0.6799999999999999,,2.8000000000000003,1.0,False
Warehouse,conflicting_sensors,False,SLOW,1.069550750503964,False,0.6799999999999999,1.2793088469291756,Inside caution band,0.6799999999999999,1.28,2.85,1.0,False
Warehouse,conflicting_sensors,False,SLOW,1.069550750503964,False,0.6799999999999999,1.2793088469291756,Inside caution band,0.6799999999999999,,2.9000000000000004,1.0,False
Warehouse,conflicting_sensors,False,SLOW,1.069550750503964,False,0.6799999999999999,1.2793088469291756,Inside caution band,0.6799999999999999,,2.95,1.0,False
Warehouse,conflicting_sensors,False,SLOW,1.0697079878275766,False,0.6799999999999999,1.279550750503964,Inside caution band,0.6799999999999999,1.28,3.0,1.0,False
Warehouse,conflicting_sensors,False,SLOW,1.0697079878275766,False,0.6799999999999999,1.279550750503964,Inside caution band,0.6799999999999999,,3.0500000000000003,1.0,False
Warehouse,conflicting_sensors,False,SLOW,1.0697079878275766,False,0.6799999999999999,1.279550750503964,Inside caution band,0.6799999999999999,,3.1,1.0,False
Warehouse,conflicting_sensors,False,SLOW,1.0698101920879248,False,0.6799999999999999,1.2797079878275768,Inside caution band,0.6799999999999999,1.28,3.1500000000000004,1.0,False
Warehouse,conflicting_sensors,False,SLOW,1.0698101920879248,False,0.6799999999999999,1.2797079878275768,Inside caution band,0.6799999999999999,,3.2,1.0,False
Warehouse,conflicting_sensors,False,SLOW,1.0698101920879248,False,0.6799999999999999,1.2797079878275768,Inside caution band,0.6799999999999999,,3.25,1.0,False
Warehouse,conflicting_sensors,False,SLOW,1.0698766248571512,False,0.6799999999999999,1.279810192087925,Inside caution band,0.6799999999999999,1.28,3.3000000000000003,1.0,False
Warehouse,conflicting_sensors,False,SLOW,1.0698766248571512,False,0.6799999999999999,1.279810192087925,Inside caution band,0.6799999999999999,,3.35,1.0,False
Warehouse,conflicting_sensors,False,SLOW,1.0698766248571512,False,0.6799999999999999,1.279810192087925,Inside caution band,0.6799999999999999,,3.4000000000000004,1.0,False
Warehouse,conflicting_sensors,False,SLOW,1.0699198061571482,False,0.6799999999999999,1.2798766248571511,Inside caution band,0.6799999999999999,1.28,3.45,1.0,False
Warehouse,conflicting_sensors,False,SLOW,1.0699198061571482,False,0.6799999999999999,1.2798766248571511,Inside caution band,0.6799999999999999,,3.5,1.0,False
Warehouse,conflicting_sensors,False,SLOW,1.0699198061571482,False,0.6799999999999999,1.2798766248571511,Inside caution band,0.6799999999999999,,3.5500000000000003,1.0,False
Warehouse,conflicting_sensors,False,SLOW,1.0699478740021462,False,0.6799999999999999,1.2799198061571482,Inside caution band,0.6799999999999999,1.28,3.6,1.0,False
Warehouse,conflicting_sensors,False,SLOW,1.0699478740021462,False,0.6799999999999999,1.2799198061571482,Inside caution band,0.6799999999999999,,3.6500000000000004,1.0,False
Warehouse,conflicting_sensors,False,SLOW,1.0699478740021462,False,0.6799999999999999,1.2799198061571482,Inside caution band,0.6799999999999999,,3.7,1.0,False
Warehouse,conflicting_sensors,False,SLOW,1.0699661181013949,False,0.6799999999999999,1.2799478740021462,Inside caution band,0.6799999999999999,1.28,3.75,1.0,False
Warehouse,conflicting_sensors,False,SLOW,1.0699661181013949,False,0.6799999999999999,1.2799478740021462,Inside caution band,0.6799999999999999,,3.8000000000000003,1.0,False
Warehouse,conflicting_sensors,False,SLOW,1.0699661181013949,False,0.6799999999999999,1.2799478740021462,Inside caution band,0.6799999999999999,,3.85,1.0,False
Warehouse,conflicting_sensors,False,SLOW,1.0699779767659066,False,0.6799999999999999,1.2799661181013948,Inside caution band,0.6799999999999999,1.28,3.9000000000000004,1.0,False
Warehouse,conflicting_sensors,False,SLOW,1.0699779767659066,False,0.6799999999999999,1.2799661181013948,Inside caution band,0.6799999999999999,,3.95,1.0,False
Warehouse,dropout_burst,False,MOVE,1.4105,False,1.43,1.4000000000000001,Outside caution band,1.43,1.4000000000000001,0.0,1.4,False
Warehouse,dropout_burst,False,MOVE,1.3842500000000002,False,1.355,1.4000000000000001,Outside caution band,1.28,,0.05,1.4,False
Warehouse,dropout_burst,False,MOVE,1.3685,False,1.31,1.4000000000000001,Outside caution band,1.31,,0.1,1.4,False
Warehouse,dropout_burst,False,MOVE,1.3650000000000002,False,1.365,1.3650000000000002,Outside caution band,1.42,1.3,0.15000000000000002,1.4,False
Warehouse,dropout_burst,False,MOVE,1.3842500000000002,False,1.42,1.3650000000000002,Outside caution band,1.6400000000000001,,0.2,1.4,False
Warehouse,dropout_burst,False,MOVE,1.3650000000000002,False,1.365,1.3650000000000002,Outside caution band,1.1400000000000001,,0.25,1.4,False
Warehouse,dropout_burst,False,MOVE,1.3957125000000001,False,1.365,1.4122500000000002,Outside caution band,,1.5,0.30000000000000004,1.4,False
Warehouse,dropout_burst,False,MOVE,1.4149625000000001,False,1.42,1.4122500000000002,Outside caution band,1.52,,0.35000000000000003,1.4,False
Warehouse,dropout_burst,False,MOVE,1.4149625000000001,False,1.42,1.4122500000000002,Outside caution band,1.48,,0.4,1.4,False
Warehouse,dropout_burst,False,MOVE,1.412175625,False,1.42,1.4079625,Outside caution band,1.37,1.4000000000000001,0.45,1.4,False
Warehouse,dropout_burst,False,MOVE,1.422675625,False,1.45,1.4079625,Outside caution band,1.45,,0.5,1.4,False
Warehouse,dropout_burst,False,MOVE,1.422675625,False,1.45,1.4079625,Outside caution band,1.41,,0.55,1.4,False
Warehouse,dropout_burst,False,MOVE,1.422675625,False,1.45,1.4079625,Outside caution band,1.59,,0.6000000000000001,1.4,False
Warehouse,dropout_burst,False,MOVE,1.422675625,False,1.45,1.4079625,Outside caution band,1.44,,0.65,1.4,False
Warehouse,dropout_burst,False,MOVE,1.419175625,False,1.44,1.4079625,Outside caution band,1.36,,0.7000000000000001,1.4,False
Warehouse,dropout_burst,False,MOVE,1.4583141562500002,False,1.44,1.468175625,Outside caution band,1.49,1.58,0.75,1.4,False
Warehouse,dropout_burst,False,MOVE,1.4583141562500002,False,1.44,1.468175625,Outside caution band,1.34,,0.8,1.4,False
Warehouse,dropout_burst,False,MOVE,1.4583141562500002,False,1.44,1.468175625,Outside caution band,1.5,,0.8500000000000001,1.4,False
Warehouse,dropout_burst,False,MOVE,1.4785042015625,False,1.49,1.47231415625,Outside caution band,2.16,1.48,0.9,1.4,False
Warehouse,dropout_burst,False,MOVE,1.4610042015625,False,1.44,1.47231415625,Outside caution band,1.43,,0.9500000000000001,1.4,False
Warehouse,dropout_burst,False,MOVE,1.4575042015625,False,1.43,1.47231415625,Outside caution band,1.27,,1.0,1.4,False
Warehouse,dropout_burst,False,MOVE,1.4848027310156249,False,1.49,1.4820042015625,Outside caution band,1.49,1.5,1.05,1.4,False
Warehouse,dropout_burst,False,MOVE,1.4848027310156249,False,1.49,1.4820042015625,Outside caution band,1.56,,1.1,1.4,False
Warehouse,dropout_burst,False,MOVE,1.488302731015625,False,1.5,1.4820042015625,Outside caution band,1.5,,1.1500000000000001,1.4,False
Warehouse,dropout_burst,False,MOVE,1.4979967751601562,False,1.49,1.5023027310156247,Outside caution band,1.3900000000000001,1.54,1.2000000000000002,1.4,False
Warehouse,dropout_burst,False,MOVE,1.476996775160156,False,1.43,1.5023027310156247,Outside caution band,1.25,,1.25,1.4,False
Warehouse,dropout_burst,False,MOVE,1.4699967751601561,False,1.41,1.5023027310156247,Outside caution band,1.41,,1.3,1.4,False
Warehouse,dropout_burst,False,MOVE,1.4883729038541014,False,1.49,1.4874967751601562,Outside caution band,1.62,1.46,1.35,1.4,False
Warehouse,dropout_burst,False,MOVE,1.4918729038541014,False,1.5,1.4874967751601562,Outside caution band,1.61,,1.4000000000000001,1.4,False
Warehouse,dropout_burst,False,MOVE,1.4603729038541013,False,1.41,1.4874967751601562,Outside caution band,1.23,,1.4500000000000002,1.4,False
Warehouse,dropout_burst,False,STOP,1.4603729038541013,False,1.41,1.4874967751601562,Both current readings missing,,,1.5,1.4,True
Warehouse,dropout_burst,False,STOP,1.4603729038541013,False,1.41,1.4874967751601562,Both current readings missing,,,1.55,1.4,True
Warehouse,dropout_burst,False,STOP,1.4603729038541013,False,1.41,1.4874967751601562,Both current readings missing,,,1.6,1.4,True
Warehouse,dropout_burst,False,STOP,1.4603729038541013,False,1.41,1.4874967751601562,Both current readings missing,,,1.6500000000000001,1.4,True
Warehouse,dropout_burst,False,STOP,1.4603729038541013,False,1.41,1.4874967751601562,Both current readings missing,,,1.7000000000000002,1.4,True
Warehouse,dropout_burst,False,STOP,1.4603729038541013,False,1.41,1.4874967751601562,Both current readings missing,,,1.75,0.65,False
Warehouse,dropout_burst,False,STOP,1.4603729038541013,False,1.41,1.4874967751601562,Both current readings missing,,,1.8,0.65,False
Warehouse,dropout_burst,False,STOP,1.4603729038541013,False,1.41,1.4874967751601562,Both current readings missing,,,1.85,0.65,False
Warehouse,dropout_burst,False,STOP,1.4603729038541013,False,1.41,1.4874967751601562,Both current readings missing,,,1.9000000000000001,0.65,False
Warehouse,dropout_burst,False,STOP,1.4603729038541013,False,1.41,1.4874967751601562,Both current readings missing,,,1.9500000000000002,0.65,False
Warehouse,dropout_burst,False,STOP,1.4603729038541013,False,1.41,1.4874967751601562,Both current readings missing,,,2.0,0.65,False
Warehouse,dropout_burst,False,STOP,1.4603729038541013,False,1.41,1.4874967751601562,Both current readings missing,,,2.0500000000000003,0.65,False
Warehouse,dropout_burst,False,STOP,1.4603729038541013,False,1.41,1.4874967751601562,Both current readings missing,,,2.1,0.65,False
Warehouse,dropout_burst,False,STOP,1.4603729038541013,False,1.41,1.4874967751601562,Both current readings missing,,,2.15,0.65,False
Warehouse,dropout_burst,False,STOP,1.4603729038541013,False,1.41,1.4874967751601562,Both current readings missing,,,2.2,0.65,False
Warehouse,dropout_burst,False,STOP,1.4603729038541013,False,1.41,1.4874967751601562,Both current readings missing,,,2.25,0.65,False
Warehouse,dropout_burst,False,STOP,1.4603729038541013,False,1.41,1.4874967751601562,Both current readings missing,,,2.3000000000000003,0.65,False
Warehouse,dropout_burst,False,STOP,1.4603729038541013,False,1.41,1.4874967751601562,Both current readings missing,,,2.35,0.65,False
Warehouse,dropout_burst,False,STOP,1.4603729038541013,False,1.41,1.4874967751601562,Both current readings missing,,,2.4000000000000004,0.65,False
Warehouse,dropout_burst,False,STOP,1.4603729038541013,False,1.41,1.4874967751601562,Both current readings missing,,,2.45,0.65,False
Warehouse,dropout_burst,False,STOP,1.4603729038541013,False,1.41,1.4874967751601562,Both current readings missing,,,2.5,0.65,False
Warehouse,dropout_burst,False,MOVE,1.265117387505166,True,1.3900000000000001,1.1978729038541016,Outside caution band,0.62,0.66,2.5500000000000003,0.65,False
Warehouse,dropout_burst,False,MOVE,1.216117387505166,True,1.25,1.1978729038541016,Outside caution band,0.81,,2.6,0.65,False
Warehouse,dropout_burst,False,MOVE,1.2091173875051662,True,1.23,1.1978729038541016,Outside caution band,0.73,,2.6500000000000004,0.65,False
Warehouse,dropout_burst,False,SLOW,0.9443013018783579,False,0.81,1.016617387505166,Inside caution band,0.63,0.68,2.7,0.65,False
Warehouse,dropout_burst,False,STOP,0.9443013018783579,False,0.81,1.016617387505166,Both current readings missing,,,2.75,0.65,False
Warehouse,dropout_burst,False,SLOW,0.9163013018783579,False,0.73,1.016617387505166,Inside caution band,0.71,,2.8000000000000003,0.65,False
Warehouse,dropout_burst,False,SLOW,0.8281708462209326,False,0.71,0.8918013018783579,At/below stop boundary; confirmation count 1,0.55,0.66,2.85,0.65,False
Warehouse,dropout_burst,False,STOP,0.8001708462209327,False,0.63,0.8918013018783579,At/below stop boundary; confirmation count 2,0.45,,2.9000000000000004,0.65,False
Warehouse,dropout_burst,False,STOP,0.8001708462209327,False,0.63,0.8918013018783579,At/below stop boundary; confirmation count 3,0.53,,2.95,0.65,False
Warehouse,dropout_burst,False,STOP,0.7449860500436063,False,0.61,0.8176708462209327,At/below stop boundary; confirmation count 4,0.61,0.68,3.0,0.65,False
Warehouse,dropout_burst,False,STOP,0.7449860500436063,False,0.61,0.8176708462209327,At/below stop boundary; confirmation count 5,0.7000000000000001,,3.0500000000000003,0.65,False
Warehouse,dropout_burst,False,STOP,0.7449860500436063,False,0.61,0.8176708462209327,At/below stop boundary; confirmation count 6,0.78,,3.1,0.65,False
Warehouse,dropout_burst,False,STOP,0.6996659325283441,False,0.5700000000000001,0.7694860500436063,At/below stop boundary; confirmation count 7,0.5700000000000001,0.68,3.1500000000000004,0.65,False
Warehouse,dropout_burst,False,STOP,0.6996659325283441,False,0.5700000000000001,0.7694860500436063,At/below stop boundary; confirmation count 8,0.51,,3.2,0.65,False
Warehouse,dropout_burst,False,STOP,0.7136659325283441,False,0.61,0.7694860500436063,At/below stop boundary; confirmation count 9,0.72,,3.25,0.65,False
Warehouse,dropout_burst,False,STOP,0.6933078561434236,False,0.61,0.7381659325283441,At/below stop boundary; confirmation count 10,0.47000000000000003,0.68,3.3000000000000003,0.65,False
Warehouse,dropout_burst,False,STOP,0.6933078561434236,False,0.61,0.7381659325283441,At/below stop boundary; confirmation count 11,0.61,,3.35,0.65,False
Warehouse,dropout_burst,False,STOP,0.6828078561434237,False,0.58,0.7381659325283441,At/below stop boundary; confirmation count 12,0.58,,3.4000000000000004,0.65,False
Warehouse,dropout_burst,False,STOP,0.6604751064932253,False,0.58,0.7038078561434236,At/below stop boundary; confirmation count 13,0.68,0.64,3.45,0.65,False
Warehouse,dropout_burst,False,STOP,0.6604751064932253,False,0.58,0.7038078561434236,At/below stop boundary; confirmation count 14,0.45,,3.5,0.65,False
Warehouse,dropout_burst,False,STOP,0.6709751064932253,False,0.61,0.7038078561434236,At/below stop boundary; confirmation count 15,0.92,,3.5500000000000003,0.65,False
Warehouse,dropout_burst,False,STOP,0.6610088192205964,False,0.61,0.6884751064932253,At/below stop boundary; confirmation count 16,0.65,0.66,3.6,0.65,False
Warehouse,dropout_burst,False,STOP,0.6610088192205964,False,0.61,0.6884751064932253,At/below stop boundary; confirmation count 17,0.49,,3.6500000000000004,0.65,False
Warehouse,dropout_burst,False,STOP,0.6750088192205964,False,0.65,0.6884751064932253,At/below stop boundary; confirmation count 18,0.6900000000000001,,3.7,0.65,False
Warehouse,dropout_burst,False,STOP,0.6639807324933877,False,0.65,0.6715088192205965,At/below stop boundary; confirmation count 19,0.56,0.64,3.75,0.65,False
Warehouse,dropout_burst,False,STOP,0.6534807324933877,False,0.62,0.6715088192205965,At/below stop boundary; confirmation count 20,0.62,,3.8000000000000003,0.65,False
Warehouse,dropout_burst,False,STOP,0.6534807324933877,False,0.62,0.6715088192205965,At/below stop boundary; confirmation count 21,0.58,,3.85,0.65,False
Warehouse,dropout_burst,False,STOP,0.659962476120702,False,0.62,0.6814807324933877,At/below stop boundary; confirmation count 22,0.67,0.7000000000000001,3.9000000000000004,0.65,False
Warehouse,dropout_burst,False,STOP,0.659962476120702,False,0.62,0.6814807324933877,At/below stop boundary; confirmation count 23,0.74,,3.95,0.65,False
Warehouse,fast_approach,False,MOVE,2.769,False,2.6,2.86,Outside caution band,2.6,2.86,0.0,2.8,False
Warehouse,fast_approach,False,MOVE,2.832,False,2.7800000000000002,2.86,Outside caution band,2.96,,0.05,2.76,False
Warehouse,fast_approach,False,MOVE,2.769,False,2.6,2.86,Outside caution band,2.09,,0.1,2.7199999999999998,False
Warehouse,fast_approach,False,MOVE,2.75255,False,2.67,2.7969999999999997,Outside caution band,2.74,2.68,0.15000000000000002,2.6799999999999997,False
Warehouse,fast_approach,False,MOVE,2.7665499999999996,False,2.71,2.7969999999999997,Outside caution band,2.71,,0.2,2.6399999999999997,False
Warehouse,fast_approach,False,MOVE,2.7473,False,2.6550000000000002,2.7969999999999997,Outside caution band,2.5500000000000003,,0.25,2.5999999999999996,False
Warehouse,fast_approach,False,MOVE,2.7283825,False,2.69,2.74905,Outside caution band,2.69,2.66,0.30000000000000004,2.5599999999999996,False
Warehouse,fast_approach,False,MOVE,2.7283825,False,2.69,2.74905,Outside caution band,2.54,,0.35000000000000003,2.5199999999999996,False
Warehouse,fast_approach,False,MOVE,2.6793825,False,2.5500000000000003,2.74905,Outside caution band,2.5,,0.4,2.48,False
Warehouse,fast_approach,False,MOVE,2.630073625,False,2.61,2.6408825,Outside caution band,2.61,2.44,0.45,2.44,False
Warehouse,fast_approach,False,MOVE,2.609073625,False,2.5500000000000003,2.6408825,Outside caution band,2.2600000000000002,,0.5,2.4,False
Warehouse,fast_approach,False,MOVE,2.605573625,False,2.54,2.6408825,Outside caution band,2.38,,0.55,2.36,False
Warehouse,fast_approach,False,MOVE,2.54132285625,False,2.5,2.563573625,Outside caution band,2.39,2.42,0.6000000000000001,2.32,False
Warehouse,fast_approach,False,MOVE,2.50282285625,False,2.39,2.563573625,Outside caution band,2.33,,0.65,2.28,False
Warehouse,fast_approach,False,MOVE,2.49932285625,False,2.38,2.563573625,Outside caution band,2.18,,0.7000000000000001,2.2399999999999998,False
Warehouse,fast_approach,False,MOVE,2.4309598565625,False,2.33,2.48532285625,Outside caution band,2.18,2.34,0.75,2.1999999999999997,False
Warehouse,fast_approach,False,MOVE,2.4064598565625,False,2.2600000000000002,2.48532285625,Outside caution band,2.16,,0.8,2.1599999999999997,False
Warehouse,fast_approach,False,MOVE,2.3784598565625,False,2.18,2.48532285625,Outside caution band,2.18,,0.8500000000000001,2.1199999999999997,False
Warehouse,fast_approach,False,MOVE,2.290798906765625,False,2.18,2.3504598565625,Outside caution band,1.99,2.1,0.9,2.08,False
Warehouse,fast_approach,False,MOVE,2.290798906765625,False,2.18,2.3504598565625,Outside caution band,2.0300000000000002,,0.9500000000000001,2.04,False
Warehouse,fast_approach,False,MOVE,2.2837989067656252,False,2.16,2.3504598565625,Outside caution band,1.81,,1.0,1.9999999999999998,False
Warehouse,fast_approach,False,MOVE,2.1403692893976562,False,2.0300000000000002,2.1997989067656247,Outside caution band,1.95,1.92,1.05,1.96,False
Warehouse,fast_approach,False,MOVE,2.126369289397656,False,1.99,2.1997989067656247,Outside caution band,1.81,,1.1,1.92,False
Warehouse,fast_approach,False,MOVE,2.1123692893976562,False,1.95,2.1997989067656247,Outside caution band,1.59,,1.1500000000000001,1.88,False
Warehouse,fast_approach,False,MOVE,2.0396150381084763,False,1.95,2.087869289397656,Outside caution band,2.13,1.8800000000000001,1.2000000000000002,1.8399999999999999,False
Warehouse,fast_approach,False,MOVE,1.9906150381084764,False,1.81,2.087869289397656,Outside caution band,1.6500000000000001,,1.25,1.7999999999999998,False
Warehouse,fast_approach,False,MOVE,1.9906150381084764,False,1.81,2.087869289397656,Outside caution band,1.85,,1.3,1.7599999999999998,False
Warehouse,fast_approach,False,MOVE,1.9160247747705097,False,1.81,1.9731150381084763,Outside caution band,1.71,1.76,1.35,1.7199999999999998,False
Warehouse,fast_approach,False,MOVE,1.8880247747705097,False,1.73,1.9731150381084763,Outside caution band,1.73,,1.4000000000000001,1.6799999999999997,False
Warehouse,fast_approach,False,MOVE,1.8810247747705096,False,1.71,1.9731150381084763,Outside caution band,1.6,,1.4500000000000002,1.64,False
Warehouse,fast_approach,False,MOVE,1.8258911036008312,False,1.73,1.8775247747705097,Outside caution band,1.79,1.7,1.5,1.5999999999999999,False
Warehouse,fast_approach,False,MOVE,1.8188911036008313,False,1.71,1.8775247747705097,Outside caution band,1.34,,1.55,1.5599999999999998,False
Warehouse,fast_approach,False,MOVE,1.8188911036008313,False,1.71,1.8775247747705097,Outside caution band,1.53,,1.6,1.5199999999999998,False
Warehouse,fast_approach,False,MOVE,1.6990542173405405,False,1.6,1.7523911036008313,Outside caution band,1.32,1.52,1.6500000000000001,1.4799999999999998,False
Warehouse,fast_approach,False,MOVE,1.6745542173405403,False,1.53,1.7523911036008313,Outside caution band,1.47,,1.7000000000000002,1.4399999999999997,False
Warehouse,fast_approach,False,MOVE,1.6535542173405404,False,1.47,1.7523911036008313,Outside caution band,1.25,,1.75,1.3999999999999997,False
Warehouse,fast_approach,False,MOVE,1.5656852412713513,False,1.37,1.6710542173405405,Outside caution band,1.37,1.52,1.8,1.3599999999999999,False
Warehouse,fast_approach,False,MOVE,1.5551852412713512,False,1.34,1.6710542173405405,Outside caution band,1.28,,1.85,1.3199999999999998,False
Warehouse,fast_approach,False,MOVE,1.5481852412713513,False,1.32,1.6710542173405405,Outside caution band,1.25,,1.9000000000000001,1.2799999999999998,False
Warehouse,fast_approach,False,MOVE,1.4406704068263783,False,1.28,1.5271852412713511,Outside caution band,1.23,1.26,1.9500000000000002,1.2399999999999998,False
Warehouse,fast_approach,False,MOVE,1.4301704068263783,False,1.25,1.5271852412713511,Outside caution band,1.22,,2.0,1.1999999999999997,False
Warehouse,fast_approach,False,MOVE,1.4301704068263783,False,1.25,1.5271852412713511,Outside caution band,1.23,,2.0500000000000003,1.1599999999999997,False
Warehouse,fast_approach,False,MOVE,1.321435764437146,False,1.23,1.3706704068263784,Outside caution band,1.11,1.08,2.1,1.1199999999999999,False
Warehouse,fast_approach,False,MOVE,1.321435764437146,False,1.23,1.3706704068263784,Outside caution band,1.11,,2.15,1.0799999999999998,False
Warehouse,fast_approach,False,MOVE,1.3179357644371459,False,1.22,1.3706704068263784,Outside caution band,1.11,,2.2,1.0399999999999998,False
Warehouse,fast_approach,False,MOVE,1.2427082468841448,False,1.22,1.254935764437146,Outside caution band,,1.04,2.25,0.9999999999999998,False
Warehouse,fast_approach,False,MOVE,1.2042082468841449,False,1.11,1.254935764437146,Outside caution band,0.9400000000000001,,2.3000000000000003,0.9599999999999997,False
Warehouse,fast_approach,False,MOVE,1.2042082468841449,False,1.11,1.254935764437146,Outside caution band,1.23,,2.35,0.9199999999999997,False
Warehouse,fast_approach,False,SLOW,1.1234603604746942,False,1.11,1.130708246884145,Inside caution band,0.84,0.9,2.4000000000000004,0.8799999999999999,False
Warehouse,fast_approach,False,SLOW,1.1234603604746942,False,1.11,1.130708246884145,Inside caution band,0.75,,2.45,0.8399999999999999,False
Warehouse,fast_approach,False,SLOW,1.0639603604746943,False,0.9400000000000001,1.130708246884145,Inside caution band,0.6900000000000001,,2.5,0.7999999999999998,False
Warehouse,fast_approach,False,SLOW,1.0034242343085513,False,0.93,1.0429603604746942,Inside caution band,0.93,0.88,2.5500000000000003,0.7599999999999998,False
Warehouse,fast_approach,False,SLOW,0.9719242343085512,False,0.84,1.0429603604746942,Inside caution band,0.6,,2.6,0.7199999999999998,False
Warehouse,fast_approach,False,SLOW,0.9719242343085512,False,0.84,1.0429603604746942,Inside caution band,1.08,,2.6500000000000004,0.6799999999999997,False
Warehouse,fast_approach,False,SLOW,0.8487507523005583,False,0.75,0.9019242343085513,At/below stop boundary; confirmation count 1,0.45,0.64,2.7,0.6399999999999997,False
Warehouse,fast_approach,False,STOP,0.8277507523005583,False,0.6900000000000001,0.9019242343085513,At/below stop boundary; confirmation count 2,0.32,,2.75,0.5999999999999996,False
Warehouse,fast_approach,False,STOP,0.7962507523005583,False,0.6,0.9019242343085513,At/below stop boundary; confirmation count 3,0.52,,2.8000000000000003,0.5599999999999996,False
Warehouse,fast_approach,False,STOP,0.663162988995363,False,0.52,0.7402507523005584,At/below stop boundary; confirmation count 4,0.43,0.44,2.85,0.5199999999999996,False
Warehouse,fast_approach,False,STOP,0.663162988995363,False,0.52,0.7402507523005584,At/below stop boundary; confirmation count 5,0.56,,2.9000000000000004,0.48,False
Warehouse,fast_approach,False,STOP,0.663162988995363,False,0.52,0.7402507523005584,At/below stop boundary; confirmation count 6,0.53,,2.95,0.43999999999999995,False
Warehouse,fast_approach,False,STOP,0.5903059428469859,False,0.52,0.6281629889953629,At/below stop boundary; confirmation count 7,,0.42,3.0,0.3999999999999999,False
Warehouse,fast_approach,False,STOP,0.5658059428469859,False,0.45,0.6281629889953629,At/below stop boundary; confirmation count 8,0.4,,3.0500000000000003,0.3599999999999999,False
Warehouse,fast_approach,False,STOP,0.5903059428469859,False,0.52,0.6281629889953629,At/below stop boundary; confirmation count 9,0.58,,3.1,0.35,False
Warehouse,fast_approach,False,STOP,0.5247488628505409,False,0.52,0.527305942846986,At/below stop boundary; confirmation count 10,0.52,0.34,3.1500000000000004,0.35,False
Warehouse,fast_approach,False,STOP,0.5247488628505409,False,0.52,0.527305942846986,At/below stop boundary; confirmation count 11,0.43,,3.2,0.35,False
Warehouse,fast_approach,False,STOP,0.5247488628505409,False,0.52,0.527305942846986,At/below stop boundary; confirmation count 12,0.51,,3.25,0.35,False
Warehouse,fast_approach,False,STOP,0.48773676085285156,False,0.51,0.47574886285054085,At/below stop boundary; confirmation count 13,0.32,0.38,3.3000000000000003,0.35,False
Warehouse,fast_approach,False,STOP,0.45973676085285153,False,0.43,0.47574886285054085,At/below stop boundary; confirmation count 14,0.14,,3.35,0.35,False
Warehouse,fast_approach,False,STOP,0.45973676085285153,False,0.43,0.47574886285054085,At/below stop boundary; confirmation count 15,0.13,,3.4000000000000004,0.35,False
Warehouse,fast_approach,False,STOP,0.41310389455435353,False,0.32,0.4632367608528516,At/below stop boundary; confirmation count 16,0.3,0.44,3.45,0.35,False
Warehouse,fast_approach,False,STOP,0.41310389455435353,False,0.32,0.4632367608528516,At/below stop boundary; confirmation count 17,0.52,,3.5,0.35,False
Warehouse,fast_approach,False,STOP,0.40610389455435353,False,0.3,0.4632367608528516,At/below stop boundary; confirmation count 18,0.22,,3.5500000000000003,0.35,False
Warehouse,fast_approach,False,STOP,0.3917175314603298,False,0.3,0.4411038945543535,At/below stop boundary; confirmation count 19,0.31,0.4,3.6,0.35,False
Warehouse,fast_approach,False,STOP,0.3917175314603298,False,0.3,0.4411038945543535,At/below stop boundary; confirmation count 20,0.46,,3.6500000000000004,0.35,False
Warehouse,fast_approach,False,STOP,0.3917175314603298,False,0.3,0.4411038945543535,At/below stop boundary; confirmation count 21,0.23,,3.7,0.35,False
Warehouse,fast_approach,False,STOP,0.39496639544921436,False,0.31,0.44071753146032977,At/below stop boundary; confirmation count 22,0.34,0.44,3.75,0.35,False
Warehouse,fast_approach,False,STOP,0.39496639544921436,False,0.31,0.44071753146032977,At/below stop boundary; confirmation count 23,0.23,,3.8000000000000003,0.35,False
Warehouse,fast_approach,False,STOP,0.39496639544921436,False,0.31,0.44071753146032977,At/below stop boundary; confirmation count 24,0.34,,3.85,0.35,False
Warehouse,fast_approach,False,STOP,0.3811531570419893,False,0.31,0.4194663954492144,At/below stop boundary; confirmation count 25,0.21,0.38,3.9000000000000004,0.35,False
Warehouse,fast_approach,False,STOP,0.35315315704198935,False,0.23,0.4194663954492144,At/below stop boundary; confirmation count 26,0.23,,3.95,0.35,False
Warehouse,near_threshold,False,SLOW,0.92,False,,0.92,Inside caution band,,0.92,0.0,0.87,False
Warehouse,near_threshold,False,SLOW,0.9865000000000002,False,1.11,0.92,Inside caution band,1.11,,0.05,0.88,False
Warehouse,near_threshold,False,SLOW,0.9305000000000001,False,0.9500000000000001,0.92,Inside caution band,0.79,,0.1,0.89,False
Warehouse,near_threshold,False,SLOW,0.9354,False,0.86,0.9760000000000001,Inside caution band,0.86,1.08,0.15000000000000002,0.9,False
Warehouse,near_threshold,False,SLOW,0.95115,False,0.905,0.9760000000000001,Inside caution band,0.9500000000000001,,0.2,0.91,False
Warehouse,near_threshold,False,SLOW,0.9669000000000001,False,0.9500000000000001,0.9760000000000001,Inside caution band,0.98,,0.25,0.92,False
Warehouse,near_threshold,False,SLOW,0.9566100000000001,False,0.905,0.9844,Inside caution band,0.8300000000000001,1.0,0.30000000000000004,0.93,False
Warehouse,near_threshold,False,SLOW,0.94086,False,0.86,0.9844,Inside caution band,0.7000000000000001,,0.35000000000000003,0.9400000000000001,False
Warehouse,near_threshold,False,SLOW,0.94086,False,0.86,0.9844,Inside caution band,0.9,,0.4,0.9500000000000001,False
Warehouse,near_threshold,False,SLOW,0.944409,False,0.86,0.9898600000000001,Inside caution band,,1.0,0.45,0.9600000000000001,False
Warehouse,near_threshold,False,SLOW,0.9584090000000001,False,0.9,0.9898600000000001,Inside caution band,0.98,,0.5,0.87,False
Warehouse,near_threshold,False,SLOW,0.9584090000000001,False,0.9,0.9898600000000001,Inside caution band,0.61,,0.55,0.88,False
Warehouse,near_threshold,False,SLOW,0.94706585,False,0.9,0.9724090000000001,Inside caution band,0.96,0.9400000000000001,0.6000000000000001,0.89,False
Warehouse,near_threshold,False,SLOW,0.94706585,False,0.9,0.9724090000000001,Inside caution band,1.03,,0.65,0.9,False
Warehouse,near_threshold,False,SLOW,0.95056585,False,0.91,0.9724090000000001,Inside caution band,0.91,,0.7000000000000001,0.91,False
Warehouse,near_threshold,False,SLOW,0.9743428025,False,0.96,0.98206585,Inside caution band,1.04,1.0,0.75,0.92,False
Warehouse,near_threshold,False,SLOW,0.9743428025,False,0.96,0.98206585,Inside caution band,0.74,,0.8,0.93,False
Warehouse,near_threshold,False,SLOW,0.9568428025000001,False,0.91,0.98206585,Inside caution band,0.8200000000000001,,0.8500000000000001,0.9400000000000001,False
Warehouse,near_threshold,False,SLOW,0.974572821625,False,0.91,1.0093428025,Inside caution band,0.86,1.06,0.9,0.9500000000000001,False
Warehouse,near_threshold,False,SLOW,0.974572821625,False,0.91,1.0093428025,Inside caution band,1.01,,0.9500000000000001,0.9600000000000001,False
Warehouse,near_threshold,False,SLOW,0.957072821625,False,0.86,1.0093428025,Inside caution band,0.64,,1.0,0.87,False
Warehouse,near_threshold,False,SLOW,0.9181973340562499,False,0.8200000000000001,0.971072821625,Inside caution band,0.7000000000000001,0.9,1.05,0.88,False
Warehouse,near_threshold,False,SLOW,0.9181973340562499,False,0.8200000000000001,0.971072821625,Inside caution band,1.17,,1.1,0.89,False
Warehouse,near_threshold,False,SLOW,0.9181973340562499,False,0.8200000000000001,0.971072821625,Inside caution band,0.7000000000000001,,1.1500000000000001,0.9,False
Warehouse,near_threshold,False,SLOW,0.9296782671365624,False,0.86,0.96719733405625,Inside caution band,1.05,0.96,1.2000000000000002,0.91,False
Warehouse,near_threshold,False,SLOW,0.9506782671365626,False,0.92,0.96719733405625,Inside caution band,0.92,,1.25,0.92,False
Warehouse,near_threshold,False,SLOW,0.9226782671365625,False,0.84,0.96719733405625,Inside caution band,0.84,,1.3,0.93,False
Warehouse,near_threshold,False,SLOW,0.9490408736387657,False,0.92,0.9646782671365625,Inside caution band,1.1500000000000001,0.96,1.35,0.9400000000000001,False
Warehouse,near_threshold,False,SLOW,0.9560408736387656,False,0.9400000000000001,0.9646782671365625,Inside caution band,0.9400000000000001,,1.4000000000000001,0.9500000000000001,False
Warehouse,near_threshold,False,SLOW,0.9490408736387657,False,0.92,0.9646782671365625,Inside caution band,0.71,,1.4500000000000002,0.9600000000000001,False
Warehouse,near_threshold,False,SLOW,0.9388765678651978,False,0.92,0.9490408736387657,Inside caution band,0.85,0.92,1.5,0.87,False
Warehouse,near_threshold,False,SLOW,0.9143765678651977,False,0.85,0.9490408736387657,Inside caution band,0.81,,1.55,0.88,False
Warehouse,near_threshold,False,SLOW,0.9143765678651977,False,0.85,0.9490408736387657,Inside caution band,0.9500000000000001,,1.6,0.89,False
Warehouse,near_threshold,False,SLOW,0.9665697691123785,False,0.9400000000000001,0.9808765678651977,Inside caution band,1.01,1.04,1.6500000000000001,0.9,False
Warehouse,near_threshold,False,SLOW,0.9595697691123786,False,0.92,0.9808765678651977,Inside caution band,0.92,,1.7000000000000002,0.91,False
Warehouse,near_threshold,False,SLOW,0.9595697691123786,False,0.92,0.9808765678651977,Inside caution band,0.93,,1.75,0.92,False
Warehouse,near_threshold,False,SLOW,0.963920349923046,False,0.92,0.9875697691123785,Inside caution band,0.9,1.0,1.8,0.93,False
Warehouse,near_threshold,False,SLOW,0.963920349923046,False,0.92,0.9875697691123785,Inside caution band,0.84,,1.85,0.9400000000000001,False
Warehouse,near_threshold,False,SLOW,0.963920349923046,False,0.92,0.9875697691123785,Inside caution band,0.91,,1.9000000000000001,0.9500000000000001,False
Warehouse,near_threshold,False,SLOW,0.97584822744998,False,0.92,1.005920349923046,Inside caution band,1.09,1.04,1.9500000000000002,0.9600000000000001,False
Warehouse,near_threshold,False,SLOW,0.97234822744998,False,0.91,1.005920349923046,Inside caution band,0.87,,2.0,0.87,False
Warehouse,near_threshold,False,SLOW,0.9688482274499799,False,0.9,1.005920349923046,Inside caution band,0.7000000000000001,,2.0500000000000003,0.88,False
Warehouse,near_threshold,False,SLOW,0.920601347842487,False,0.87,0.94784822744998,Inside caution band,0.8300000000000001,0.84,2.1,0.89,False
Warehouse,near_threshold,False,SLOW,0.9101013478424871,False,0.84,0.94784822744998,Inside caution band,0.84,,2.15,0.9,False
Warehouse,near_threshold,False,SLOW,0.9101013478424871,False,0.84,0.94784822744998,Inside caution band,0.76,,2.2,0.91,False
Warehouse,near_threshold,False,SLOW,0.8911658760976167,False,0.8300000000000001,0.9241013478424871,Inside caution band,0.8200000000000001,0.88,2.25,0.92,False
Warehouse,near_threshold,False,SLOW,0.8876658760976166,False,0.8200000000000001,0.9241013478424871,Inside caution band,0.8,,2.3000000000000003,0.93,False
Warehouse,near_threshold,False,SLOW,0.8876658760976166,False,0.8200000000000001,0.9241013478424871,Inside caution band,0.91,,2.35,0.9400000000000001,False
Warehouse,near_threshold,False,SLOW,0.8856828194634508,False,0.8300000000000001,0.9156658760976166,Inside caution band,1.25,0.9,2.4000000000000004,0.9500000000000001,False
Warehouse,near_threshold,False,SLOW,0.8891828194634508,False,0.84,0.9156658760976166,Inside caution band,0.93,,2.45,0.9600000000000001,False
Warehouse,near_threshold,False,SLOW,0.9136828194634509,False,0.91,0.9156658760976166,Inside caution band,0.9400000000000001,,2.5,0.87,False
Warehouse,near_threshold,False,SLOW,0.935318832651243,False,0.93,0.9381828194634508,Inside caution band,1.0,0.98,2.5500000000000003,0.88,False
Warehouse,near_threshold,False,SLOW,0.935318832651243,False,0.93,0.9381828194634508,Inside caution band,0.59,,2.6,0.89,False
Warehouse,near_threshold,False,SLOW,0.935318832651243,False,0.93,0.9381828194634508,Inside caution band,0.85,,2.6500000000000004,0.9,False
Warehouse,near_threshold,False,SLOW,0.926632241223308,False,0.93,0.924818832651243,Inside caution band,,0.9,2.7,0.91,False
Warehouse,near_threshold,False,SLOW,0.930132241223308,False,0.9400000000000001,0.924818832651243,Inside caution band,1.0,,2.75,0.92,False
Warehouse,near_threshold,False,SLOW,0.930132241223308,False,0.9400000000000001,0.924818832651243,Inside caution band,1.01,,2.8000000000000003,0.93,False
Warehouse,near_threshold,False,SLOW,0.937132241223308,False,0.96,0.924818832651243,Inside caution band,0.96,,2.85,0.9400000000000001,False
Warehouse,near_threshold,False,SLOW,0.951132241223308,False,1.0,0.924818832651243,Inside caution band,1.07,,2.9000000000000004,0.9500000000000001,False
Warehouse,near_threshold,False,SLOW,0.937132241223308,False,0.96,0.924818832651243,Inside caution band,0.74,,2.95,0.9600000000000001,False
Warehouse,near_threshold,False,SLOW,0.9500359567951502,False,1.0,0.9231322412233081,Inside caution band,1.6500000000000001,0.92,3.0,0.87,False
Warehouse,near_threshold,False,SLOW,0.9500359567951502,False,1.0,0.9231322412233081,Inside caution band,0.77,,3.0500000000000003,0.88,False
Warehouse,near_threshold,False,SLOW,0.9360359567951502,False,0.96,0.9231322412233081,Inside caution band,0.86,,3.1,0.89,False
Warehouse,near_threshold,False,SLOW,0.9542233719168477,False,0.91,0.9780359567951502,Inside caution band,0.91,1.08,3.1500000000000004,0.9,False
Warehouse,near_threshold,False,SLOW,0.9402233719168477,False,0.87,0.9780359567951502,Inside caution band,0.87,,3.2,0.91,False
Warehouse,near_threshold,False,SLOW,0.9367233719168477,False,0.86,0.9780359567951502,Inside caution band,0.62,,3.25,0.92,False
Warehouse,near_threshold,False,SLOW,0.917920191745951,False,0.87,0.9437233719168476,Inside caution band,1.08,0.88,3.3000000000000003,0.93,False
Warehouse,near_threshold,False,SLOW,0.9144201917459509,False,0.86,0.9437233719168476,Inside caution band,0.8200000000000001,,3.35,0.9400000000000001,False
Warehouse,near_threshold,False,SLOW,0.917920191745951,False,0.87,0.9437233719168476,Inside caution band,0.96,,3.4000000000000004,0.9500000000000001,False
Warehouse,near_threshold,False,SLOW,0.9310731246348681,False,0.91,0.9424201917459509,Inside caution band,0.97,0.9400000000000001,3.45,0.9600000000000001,False
Warehouse,near_threshold,False,SLOW,0.9170731246348681,False,0.87,0.9424201917459509,Inside caution band,0.76,,3.5,0.87,False
Warehouse,near_threshold,False,SLOW,0.9345731246348681,False,0.92,0.9424201917459509,Inside caution band,0.92,,3.5500000000000003,0.88,False
Warehouse,near_threshold,False,SLOW,0.9343725310126643,False,0.96,0.9205731246348681,Inside caution band,1.03,0.88,3.6,0.89,False
Warehouse,near_threshold,False,SLOW,0.9343725310126643,False,0.96,0.9205731246348681,Inside caution band,1.0,,3.6500000000000004,0.9,False
Warehouse,near_threshold,False,SLOW,0.9343725310126643,False,0.96,0.9205731246348681,Inside caution band,0.81,,3.7,0.91,False
Warehouse,near_threshold,False,SLOW,0.9468421451582318,False,0.97,0.9343725310126643,Inside caution band,1.0,0.96,3.75,0.92,False
Warehouse,near_threshold,False,SLOW,0.9573421451582318,False,1.0,0.9343725310126643,Inside caution band,1.0,,3.8000000000000003,0.93,False
Warehouse,near_threshold,False,SLOW,0.9573421451582318,False,1.0,0.9343725310126643,Inside caution band,1.11,,3.85,0.9400000000000001,False
Warehouse,near_threshold,False,SLOW,0.9950223943528507,False,1.0,0.9923421451582318,Inside caution band,0.85,1.1,3.9000000000000004,0.9500000000000001,False
Warehouse,near_threshold,False,SLOW,0.9950223943528507,False,1.0,0.9923421451582318,Inside caution band,0.98,,3.95,0.9600000000000001,False
Warehouse,receding,False,SLOW,0.517,False,0.4,0.58,At/below stop boundary; confirmation count 1,0.4,0.58,0.0,0.55,False
Warehouse,receding,False,STOP,0.56075,False,0.525,0.58,At/below stop boundary; confirmation count 2,0.65,,0.05,0.5750000000000001,False
Warehouse,receding,False,STOP,0.6045,False,0.65,0.58,At/below stop boundary; confirmation count 3,1.57,,0.1,0.6000000000000001,False
Warehouse,receding,False,STOP,0.6468499999999999,False,0.6799999999999999,0.629,At/below stop boundary; confirmation count 4,0.71,0.72,0.15000000000000002,0.625,False
Warehouse,receding,False,STOP,0.6468499999999999,False,0.6799999999999999,0.629,Both current readings missing,,,0.2,0.65,False
Warehouse,receding,False,SLOW,0.65735,False,0.71,0.629,At/below stop boundary; confirmation count 1,0.74,,0.25,0.675,False
Warehouse,receding,False,STOP,0.6651024999999999,False,0.725,0.6328499999999999,At/below stop boundary; confirmation count 2,0.88,0.64,0.30000000000000004,0.7000000000000001,False
Warehouse,receding,False,STOP,0.6598525,False,0.71,0.6328499999999999,At/below stop boundary; confirmation count 3,0.6900000000000001,,0.35000000000000003,0.7250000000000001,False
Warehouse,receding,False,STOP,0.6598525,False,0.71,0.6328499999999999,At/below stop boundary; confirmation count 4,0.49,,0.4,0.75,False
Warehouse,receding,False,STOP,0.712929125,False,0.74,0.6983524999999999,At/below stop boundary; confirmation count 5,0.8300000000000001,0.8200000000000001,0.45,0.775,False
Warehouse,receding,False,STOP,0.712929125,False,0.74,0.6983524999999999,At/below stop boundary; confirmation count 6,0.8200000000000001,,0.5,0.8,False
Warehouse,receding,False,STOP,0.712929125,False,0.74,0.6983524999999999,At/below stop boundary; confirmation count 7,0.71,,0.55,0.8250000000000001,False
Warehouse,receding,False,STOP,0.77315393125,False,0.8200000000000001,0.747929125,At/below stop boundary; confirmation count 8,0.8300000000000001,0.84,0.6000000000000001,0.8500000000000001,False
Warehouse,receding,False,STOP,0.77315393125,False,0.8200000000000001,0.747929125,At/below stop boundary; confirmation count 9,0.98,,0.65,0.875,False
Warehouse,receding,False,STOP,0.77665393125,False,0.8300000000000001,0.747929125,At/below stop boundary; confirmation count 10,0.88,,0.7000000000000001,0.9000000000000001,False
Warehouse,receding,False,STOP,0.8203500553125,False,0.8300000000000001,0.81515393125,At/below stop boundary; confirmation count 11,1.05,0.9400000000000001,0.75,0.925,False
Warehouse,receding,False,STOP,0.8378500553125001,False,0.88,0.81515393125,At/below stop boundary; confirmation count 12,1.1,,0.8,0.9500000000000001,False
Warehouse,receding,False,STOP,0.8378500553125001,False,0.88,0.81515393125,At/below stop boundary; confirmation count 13,0.84,,0.8500000000000001,0.9750000000000001,False
Warehouse,receding,False,SLOW,0.924002535953125,False,0.98,0.8938500553125001,Inside caution band,1.18,1.04,0.9,1.0,False
Warehouse,receding,False,SLOW,0.924002535953125,False,0.98,0.8938500553125001,Inside caution band,0.92,,0.9500000000000001,1.0250000000000001,False
Warehouse,receding,False,SLOW,0.917002535953125,False,0.96,0.8938500553125001,Inside caution band,0.96,,1.0,1.05,False
Warehouse,receding,False,SLOW,0.9502516483695312,False,0.96,0.945002535953125,Inside caution band,0.8,1.04,1.05,1.0750000000000002,False
Warehouse,receding,False,SLOW,0.9397516483695313,False,0.93,0.945002535953125,Inside caution band,0.93,,1.1,1.1,False
Warehouse,receding,False,SLOW,0.9397516483695313,False,0.93,0.945002535953125,Inside caution band,1.23,,1.1500000000000001,1.125,False
Warehouse,receding,False,SLOW,1.0173635714401952,False,0.96,1.0482516483695312,Inside caution band,1.31,1.24,1.2000000000000002,1.1500000000000001,False
Warehouse,receding,False,SLOW,1.0173635714401952,False,0.96,1.0482516483695312,Inside caution band,1.06,,1.25,1.175,False
Warehouse,receding,False,STOP,1.0173635714401952,False,0.96,1.0482516483695312,Both current readings missing,,,1.3,1.2000000000000002,False
Warehouse,receding,False,SLOW,1.095986321436127,False,1.06,1.1153635714401953,Inside caution band,1.2,1.24,1.35,1.225,False
Warehouse,receding,False,SLOW,1.1449863214361269,False,1.2,1.1153635714401953,Inside caution band,1.24,,1.4000000000000001,1.25,False
Warehouse,receding,False,SLOW,1.1554863214361268,False,1.23,1.1153635714401953,Inside caution band,1.32,,1.4500000000000002,1.2750000000000001,False
Warehouse,receding,False,MOVE,1.2009911089334826,False,1.24,1.179986321436127,Outside caution band,1.47,1.3,1.5,1.3,False
Warehouse,receding,False,MOVE,1.2184911089334824,False,1.29,1.179986321436127,Outside caution band,1.29,,1.55,1.3250000000000002,False
Warehouse,receding,False,MOVE,1.2009911089334826,False,1.24,1.179986321436127,Outside caution band,1.16,,1.6,1.35,False
Warehouse,receding,False,MOVE,1.2776442208067638,False,1.29,1.2709911089334827,Outside caution band,1.3900000000000001,1.44,1.6500000000000001,1.375,False
Warehouse,receding,False,MOVE,1.2776442208067638,False,1.29,1.2709911089334827,Outside caution band,0.68,,1.7000000000000002,1.4000000000000001,False
Warehouse,receding,False,MOVE,1.2881442208067637,False,1.32,1.2709911089334827,Outside caution band,1.5,,1.75,1.425,False
Warehouse,receding,False,MOVE,1.3465437435243963,False,1.3900000000000001,1.3231442208067636,Outside caution band,1.4000000000000001,1.42,1.8,1.4500000000000002,False
Warehouse,receding,False,MOVE,1.3465437435243963,False,1.3900000000000001,1.3231442208067636,Outside caution band,1.52,,1.85,1.475,False
Warehouse,receding,False,MOVE,1.3500437435243964,False,1.4000000000000001,1.3231442208067636,Outside caution band,2.42,,1.9000000000000001,1.5,False
Warehouse,receding,False,MOVE,1.4434784332908577,False,1.5,1.4130437435243963,Outside caution band,1.59,1.58,1.9500000000000002,1.5250000000000001,False
Warehouse,receding,False,MOVE,1.4434784332908577,False,1.5,1.4130437435243963,Outside caution band,1.45,,2.0,1.55,False
Warehouse,receding,False,MOVE,1.4504784332908576,False,1.52,1.4130437435243963,Outside caution band,1.6600000000000001,,2.0500000000000003,1.5750000000000002,False
Warehouse,receding,False,MOVE,1.5150609816390572,False,1.57,1.4854784332908575,Outside caution band,1.57,1.62,2.1,1.6,False
Warehouse,receding,False,MOVE,1.5150609816390572,False,1.57,1.4854784332908575,Outside caution band,1.44,,2.15,1.625,False
Warehouse,receding,False,MOVE,1.5220609816390573,False,1.59,1.4854784332908575,Outside caution band,1.6,,2.2,1.6500000000000001,False
Warehouse,receding,False,MOVE,1.5663146380653872,False,1.59,1.5535609816390572,Outside caution band,1.77,1.68,2.25,1.675,False
Warehouse,receding,False,MOVE,1.5593146380653873,False,1.57,1.5535609816390572,Outside caution band,1.56,,2.3000000000000003,1.7000000000000002,False
Warehouse,receding,False,MOVE,1.5593146380653873,False,1.57,1.5535609816390572,Outside caution band,1.56,,2.35,1.725,False
Warehouse,receding,False,MOVE,1.6017295147425017,False,1.57,1.6188146380653872,Outside caution band,1.9100000000000001,1.74,2.4000000000000004,1.7500000000000002,False
Warehouse,receding,False,MOVE,1.6122295147425016,False,1.6,1.6188146380653872,Outside caution band,1.79,,2.45,1.7750000000000001,False
Warehouse,receding,False,MOVE,1.6192295147425015,False,1.62,1.6188146380653872,Outside caution band,1.62,,2.5,1.8,False
Warehouse,receding,False,MOVE,1.6717295147425015,False,1.77,1.6188146380653872,Outside caution band,1.77,,2.5500000000000003,1.8250000000000002,False
Warehouse,receding,False,MOVE,1.6717295147425015,False,1.77,1.6188146380653872,Outside caution band,1.82,,2.6,1.85,False
Warehouse,receding,False,MOVE,1.6787295147425016,False,1.79,1.6188146380653872,Outside caution band,1.8,,2.6500000000000004,1.8750000000000002,False
Warehouse,receding,False,MOVE,1.7517991845826257,False,1.79,1.7312295147425014,Outside caution band,1.69,1.94,2.7,1.9000000000000001,False
Warehouse,receding,False,MOVE,1.7517991845826257,False,1.79,1.7312295147425014,Outside caution band,1.87,,2.75,1.925,False
Warehouse,receding,False,MOVE,1.755299184582626,False,1.8,1.7312295147425014,Outside caution band,2.04,,2.8000000000000003,1.9500000000000002,False
Warehouse,receding,False,MOVE,1.8325444699787068,False,1.82,1.8392991845826259,Outside caution band,2.09,2.04,2.85,1.975,False
Warehouse,receding,False,MOVE,1.8500444699787066,False,1.87,1.8392991845826259,Outside caution band,1.9000000000000001,,2.9000000000000004,2.0,False
Warehouse,receding,False,MOVE,1.8605444699787068,False,1.9000000000000001,1.8392991845826259,Outside caution band,1.96,,2.95,2.0250000000000004,False
Warehouse,receding,False,MOVE,1.9153039054861594,False,1.9000000000000001,1.9235444699787068,Outside caution band,1.83,2.08,3.0,2.05,False
Warehouse,receding,False,MOVE,1.9363039054861593,False,1.96,1.9235444699787068,Outside caution band,2.0,,3.0500000000000003,2.075,False
Warehouse,receding,False,MOVE,1.9503039054861593,False,2.0,1.9235444699787068,Outside caution band,2.22,,3.1,2.1,False
Warehouse,receding,False,MOVE,1.9904475385660036,False,2.0,1.9853039054861594,Outside caution band,2.17,2.1,3.1500000000000004,2.125,False
Warehouse,receding,False,MOVE,1.9904475385660036,False,2.0,1.9853039054861594,Outside caution band,2.17,,3.2,2.1500000000000004,False
Warehouse,receding,False,MOVE,2.0499475385660038,False,2.17,1.9853039054861594,Outside caution band,2.2,,3.25,2.175,False
Warehouse,receding,False,MOVE,2.1124409000679023,False,2.17,2.0814475385660036,Outside caution band,2.13,2.2600000000000002,3.3000000000000003,2.2,False
Warehouse,receding,False,MOVE,2.1124409000679023,False,2.17,2.0814475385660036,Outside caution band,2.31,,3.35,2.225,False
Warehouse,receding,False,MOVE,2.1124409000679023,False,2.17,2.0814475385660036,Outside caution band,2.11,,3.4000000000000004,2.25,False
Warehouse,receding,False,MOVE,2.1849115850441367,False,2.17,2.1929409000679025,Outside caution band,2.41,2.4,3.45,2.2750000000000004,False
Warehouse,receding,False,MOVE,2.1954115850441367,False,2.2,2.1929409000679025,Outside caution band,2.37,,3.5,2.3,False
Warehouse,receding,False,MOVE,2.2164115850441366,False,2.2600000000000002,2.1929409000679025,Outside caution band,2.2600000000000002,,3.5500000000000003,2.325,False
Warehouse,receding,False,MOVE,2.236217530278689,False,2.2600000000000002,2.2234115850441367,Outside caution band,2.24,2.2800000000000002,3.6,2.35,False
Warehouse,receding,False,MOVE,2.250217530278689,False,2.3000000000000003,2.2234115850441367,Outside caution band,2.3000000000000003,,3.6500000000000004,2.375,False
Warehouse,receding,False,MOVE,2.250217530278689,False,2.3000000000000003,2.2234115850441367,Outside caution band,3.38,,3.7,2.4000000000000004,False
Warehouse,receding,False,MOVE,2.294941394681148,False,2.3000000000000003,2.292217530278689,Outside caution band,2.3000000000000003,2.42,3.75,2.425,False
Warehouse,receding,False,MOVE,2.294941394681148,False,2.3000000000000003,2.292217530278689,Outside caution band,2.38,,3.8000000000000003,2.45,False
Warehouse,receding,False,MOVE,2.294941394681148,False,2.3000000000000003,2.292217530278689,Outside caution band,2.34,,3.85,2.475,False
Warehouse,receding,False,MOVE,2.374411906542746,False,2.34,2.3929413946811477,Outside caution band,2.46,2.58,3.9000000000000004,2.5,False
Warehouse,receding,False,MOVE,2.3884119065427463,False,2.38,2.3929413946811477,Outside caution band,2.42,,3.95,2.5250000000000004,False
Warehouse,stationary_danger,False,SLOW,0.419,False,0.12,0.58,At/below stop boundary; confirmation count 1,0.12,0.58,0.0,0.55,False
Warehouse,stationary_danger,False,STOP,0.531,False,0.44,0.58,At/below stop boundary; confirmation count 2,0.76,,0.05,0.55,False
Warehouse,stationary_danger,False,STOP,0.573,False,0.56,0.58,At/below stop boundary; confirmation count 3,0.56,,0.1,0.55,False
Warehouse,stationary_danger,False,STOP,0.59015,False,0.5700000000000001,0.601,At/below stop boundary; confirmation count 4,0.58,0.64,0.15000000000000002,0.55,False
Warehouse,stationary_danger,False,STOP,0.59015,False,0.5700000000000001,0.601,Both current readings missing,,,0.2,0.55,False
Warehouse,stationary_danger,False,STOP,0.59015,False,0.5700000000000001,0.601,Both current readings missing,,,0.25,0.55,False
Warehouse,stationary_danger,False,SLOW,0.5979725,False,0.58,0.60765,At/below stop boundary; confirmation count 1,0.64,0.62,0.30000000000000004,0.55,False
Warehouse,stationary_danger,False,STOP,0.6067225,False,0.605,0.60765,At/below stop boundary; confirmation count 2,0.63,,0.35000000000000003,0.55,False
Warehouse,stationary_danger,False,STOP,0.5979725,False,0.58,0.60765,At/below stop boundary; confirmation count 3,0.51,,0.4,0.55,False
Warehouse,stationary_danger,False,STOP,0.596232125,False,0.58,0.6049725,At/below stop boundary; confirmation count 4,0.56,0.6,0.45,0.55,False
Warehouse,stationary_danger,False,STOP,0.5892321250000001,False,0.56,0.6049725,At/below stop boundary; confirmation count 5,0.54,,0.5,0.55,False
Warehouse,stationary_danger,False,STOP,0.5892321250000001,False,0.56,0.6049725,At/below stop boundary; confirmation count 6,0.44,,0.55,0.55,False
Warehouse,stationary_danger,False,STOP,0.59265088125,False,0.56,0.610232125,At/below stop boundary; confirmation count 7,0.63,0.62,0.6000000000000001,0.55,False
Warehouse,stationary_danger,False,STOP,0.59265088125,False,0.56,0.610232125,At/below stop boundary; confirmation count 8,0.61,,0.65,0.55,False
Warehouse,stationary_danger,False,STOP,0.5856508812500001,False,0.54,0.610232125,At/below stop boundary; confirmation count 9,0.44,,0.7000000000000001,0.55,False
Warehouse,stationary_danger,False,STOP,0.5651230728125001,False,0.54,0.57865088125,At/below stop boundary; confirmation count 10,0.44,0.52,0.75,0.55,False
Warehouse,stationary_danger,False,STOP,0.5651230728125001,False,0.54,0.57865088125,At/below stop boundary; confirmation count 11,0.62,,0.8,0.55,False
Warehouse,stationary_danger,False,STOP,0.5721230728125,False,0.56,0.57865088125,At/below stop boundary; confirmation count 12,0.56,,0.8500000000000001,0.55,False
Warehouse,stationary_danger,False,STOP,0.580829997328125,False,0.61,0.5651230728125001,At/below stop boundary; confirmation count 13,0.62,0.54,0.9,0.55,False
Warehouse,stationary_danger,False,STOP,0.563329997328125,False,0.56,0.5651230728125001,At/below stop boundary; confirmation count 14,0.44,,0.9500000000000001,0.55,False
Warehouse,stationary_danger,False,STOP,0.563329997328125,False,0.56,0.5651230728125001,At/below stop boundary; confirmation count 15,0.5700000000000001,,1.0,0.55,False
Warehouse,stationary_danger,False,STOP,0.5849144982632813,False,0.56,0.5983299973281251,At/below stop boundary; confirmation count 16,0.44,0.66,1.05,0.55,False
Warehouse,stationary_danger,False,STOP,0.5849144982632813,False,0.56,0.5983299973281251,At/below stop boundary; confirmation count 17,0.43,,1.1,0.55,False
Warehouse,stationary_danger,False,STOP,0.5849144982632813,False,0.56,0.5983299973281251,At/below stop boundary; confirmation count 18,0.72,,1.1500000000000001,0.55,False
Warehouse,stationary_danger,False,STOP,0.5614944238711328,False,0.44,0.6269144982632813,At/below stop boundary; confirmation count 19,0.32,0.68,1.2000000000000002,0.55,False
Warehouse,stationary_danger,False,STOP,0.5614944238711328,False,0.44,0.6269144982632813,At/below stop boundary; confirmation count 20,0.62,,1.25,0.55,False
Warehouse,stationary_danger,False,STOP,0.5614944238711328,False,0.44,0.6269144982632813,At/below stop boundary; confirmation count 21,0.42,,1.3,0.55,False
Warehouse,stationary_danger,False,STOP,0.5508213755162363,False,0.44,0.6104944238711328,At/below stop boundary; confirmation count 22,0.47000000000000003,0.58,1.35,0.55,False
Warehouse,stationary_danger,False,STOP,0.5613213755162364,False,0.47000000000000003,0.6104944238711328,At/below stop boundary; confirmation count 23,0.71,,1.4000000000000001,0.55,False
Warehouse,stationary_danger,False,STOP,0.6138213755162364,False,0.62,0.6104944238711328,At/below stop boundary; confirmation count 24,0.81,,1.4500000000000002,0.55,False
Warehouse,stationary_danger,False,STOP,0.6009338940855536,False,0.59,0.6068213755162364,At/below stop boundary; confirmation count 25,0.59,0.6,1.5,0.55,False
Warehouse,stationary_danger,False,STOP,0.6114338940855537,False,0.62,0.6068213755162364,At/below stop boundary; confirmation count 26,0.67,,1.55,0.55,False
Warehouse,stationary_danger,False,STOP,0.6009338940855536,False,0.59,0.6068213755162364,At/below stop boundary; confirmation count 27,0.26,,1.6,0.55,False
Warehouse,stationary_danger,False,STOP,0.6455820311556099,False,0.67,0.6324338940855536,At/below stop boundary; confirmation count 28,0.72,0.68,1.6500000000000001,0.55,False
Warehouse,stationary_danger,False,STOP,0.6455820311556099,False,0.67,0.6324338940855536,At/below stop boundary; confirmation count 29,0.61,,1.7000000000000002,0.55,False
Warehouse,stationary_danger,False,STOP,0.6245820311556098,False,0.61,0.6324338940855536,At/below stop boundary; confirmation count 30,0.54,,1.75,0.55,False
Warehouse,stationary_danger,False,STOP,0.6193033202511463,False,0.59,0.6350820311556098,At/below stop boundary; confirmation count 31,0.47000000000000003,0.64,1.8,0.55,False
Warehouse,stationary_danger,False,STOP,0.6053033202511464,False,0.55,0.6350820311556098,At/below stop boundary; confirmation count 32,0.55,,1.85,0.55,False
Warehouse,stationary_danger,False,STOP,0.6018033202511464,False,0.54,0.6350820311556098,At/below stop boundary; confirmation count 33,0.47000000000000003,,1.9000000000000001,0.55,False
Warehouse,stationary_danger,False,STOP,0.5710721581632452,False,0.54,0.5878033202511463,At/below stop boundary; confirmation count 34,0.41000000000000003,0.5,1.9500000000000002,0.55,False
Warehouse,stationary_danger,False,STOP,0.5570721581632452,False,0.5,0.5878033202511463,At/below stop boundary; confirmation count 35,0.5,,2.0,0.55,False
Warehouse,stationary_danger,False,STOP,0.5570721581632452,False,0.5,0.5878033202511463,At/below stop boundary; confirmation count 36,0.78,,2.0500000000000003,0.55,False
Warehouse,stationary_danger,False,STOP,0.5584469028061093,False,0.47000000000000003,0.6060721581632451,At/below stop boundary; confirmation count 37,0.35000000000000003,0.64,2.1,0.55,False
Warehouse,stationary_danger,False,STOP,0.5689469028061094,False,0.5,0.6060721581632451,At/below stop boundary; confirmation count 38,0.68,,2.15,0.55,False
Warehouse,stationary_danger,False,STOP,0.5584469028061093,False,0.47000000000000003,0.6060721581632451,At/below stop boundary; confirmation count 39,0.25,,2.2,0.55,False
Warehouse,stationary_danger,False,STOP,0.5812154868239711,False,0.5,0.6249469028061093,At/below stop boundary; confirmation count 40,0.58,0.66,2.25,0.55,False
Warehouse,stationary_danger,False,STOP,0.6092154868239711,False,0.58,0.6249469028061093,At/below stop boundary; confirmation count 41,0.66,,2.3000000000000003,0.55,False
Warehouse,stationary_danger,False,STOP,0.6092154868239711,False,0.58,0.6249469028061093,At/below stop boundary; confirmation count 42,0.5700000000000001,,2.35,0.55,False
Warehouse,stationary_danger,False,STOP,0.6136900664355811,False,0.5700000000000001,0.637215486823971,At/below stop boundary; confirmation count 43,0.56,0.66,2.4000000000000004,0.55,False
Warehouse,stationary_danger,False,STOP,0.6136900664355811,False,0.5700000000000001,0.637215486823971,At/below stop boundary; confirmation count 44,0.33,,2.45,0.55,False
Warehouse,stationary_danger,False,STOP,0.6136900664355811,False,0.5700000000000001,0.637215486823971,At/below stop boundary; confirmation count 45,0.61,,2.5,0.55,False
Warehouse,stationary_danger,False,STOP,0.6234235431831276,False,0.5700000000000001,0.6521900664355811,At/below stop boundary; confirmation count 46,0.54,0.68,2.5500000000000003,0.55,False
Warehouse,stationary_danger,False,STOP,0.6199235431831277,False,0.56,0.6521900664355811,At/below stop boundary; confirmation count 47,0.42,,2.6,0.55,False
Warehouse,stationary_danger,False,STOP,0.6199235431831277,False,0.56,0.6521900664355811,At/below stop boundary; confirmation count 48,0.6,,2.6500000000000004,0.55,False
Warehouse,stationary_danger,False,STOP,0.585300303069033,False,0.56,0.5989235431831277,At/below stop boundary; confirmation count 49,0.86,0.5,2.7,0.55,False
Warehouse,stationary_danger,False,STOP,0.599300303069033,False,0.6,0.5989235431831277,At/below stop boundary; confirmation count 50,0.71,,2.75,0.55,False
Warehouse,stationary_danger,False,STOP,0.599300303069033,False,0.6,0.5989235431831277,At/below stop boundary; confirmation count 51,0.45,,2.8000000000000003,0.55,False
Warehouse,stationary_danger,False,STOP,0.5995451969948715,False,0.6,0.599300303069033,At/below stop boundary; confirmation count 52,0.62,0.6,2.85,0.55,False
Warehouse,stationary_danger,False,STOP,0.5995451969948715,False,0.6,0.599300303069033,At/below stop boundary; confirmation count 53,0.43,,2.9000000000000004,0.55,False
Warehouse,stationary_danger,False,STOP,0.5995451969948715,False,0.6,0.599300303069033,At/below stop boundary; confirmation count 54,0.1,,2.95,0.55,False
Warehouse,stationary_danger,False,STOP,0.5976043780466664,False,0.62,0.5855451969948715,At/below stop boundary; confirmation count 55,0.62,0.56,3.0,0.55,False
Warehouse,stationary_danger,False,STOP,0.5591043780466665,False,0.51,0.5855451969948715,At/below stop boundary; confirmation count 56,0.51,,3.0500000000000003,0.55,False
Warehouse,stationary_danger,False,STOP,0.5591043780466665,False,0.51,0.5855451969948715,At/below stop boundary; confirmation count 57,0.55,,3.1,0.55,False
Warehouse,stationary_danger,False,STOP,0.5945928457303332,False,0.55,0.6186043780466665,At/below stop boundary; confirmation count 58,0.56,0.68,3.1500000000000004,0.55,False
Warehouse,stationary_danger,False,STOP,0.5805928457303332,False,0.51,0.6186043780466665,At/below stop boundary; confirmation count 59,0.43,,3.2,0.55,False
Warehouse,stationary_danger,False,STOP,0.5945928457303332,False,0.55,0.6186043780466665,At/below stop boundary; confirmation count 60,0.63,,3.25,0.55,False
Warehouse,stationary_danger,False,STOP,0.5711103497247166,False,0.56,0.5770928457303333,At/below stop boundary; confirmation count 61,0.59,0.5,3.3000000000000003,0.55,False
Warehouse,stationary_danger,False,STOP,0.5676103497247167,False,0.55,0.5770928457303333,At/below stop boundary; confirmation count 62,0.52,,3.35,0.55,False
Warehouse,stationary_danger,False,STOP,0.5711103497247166,False,0.56,0.5770928457303333,At/below stop boundary; confirmation count 63,0.68,,3.4000000000000004,0.55,False
Warehouse,stationary_danger,False,STOP,0.5717717273210658,False,0.56,0.5781103497247166,At/below stop boundary; confirmation count 64,0.56,0.58,3.45,0.55,False
Warehouse,stationary_danger,False,STOP,0.5822717273210658,False,0.59,0.5781103497247166,At/below stop boundary; confirmation count 65,0.6,,3.5,0.55,False
Warehouse,stationary_danger,False,STOP,0.5822717273210658,False,0.59,0.5781103497247166,At/below stop boundary; confirmation count 66,0.58,,3.5500000000000003,0.55,False
Warehouse,stationary_danger,False,STOP,0.5787717273210659,False,0.58,0.5781103497247166,At/below stop boundary; confirmation count 67,0.55,,3.6,0.55,False
Warehouse,stationary_danger,False,STOP,0.5717717273210658,False,0.56,0.5781103497247166,At/below stop boundary; confirmation count 68,0.49,,3.6500000000000004,0.55,False
Warehouse,stationary_danger,False,STOP,0.5717717273210658,False,0.56,0.5781103497247166,At/below stop boundary; confirmation count 69,0.49,,3.7,0.55,False
Warehouse,stationary_danger,False,STOP,0.5687016227586928,False,0.55,0.5787717273210659,At/below stop boundary; confirmation count 70,0.4,0.58,3.75,0.55,False
Warehouse,stationary_danger,False,STOP,0.5477016227586928,False,0.49,0.5787717273210659,At/below stop boundary; confirmation count 71,0.46,,3.8000000000000003,0.55,False
Warehouse,stationary_danger,False,STOP,0.5477016227586928,False,0.49,0.5787717273210659,At/below stop boundary; confirmation count 72,0.72,,3.85,0.55,False
Warehouse,stationary_danger,False,STOP,0.5707310547931503,False,0.49,0.6142016227586928,At/below stop boundary; confirmation count 73,0.5700000000000001,0.68,3.9000000000000004,0.55,False
Warehouse,stationary_danger,False,STOP,0.5707310547931503,False,0.49,0.6142016227586928,At/below stop boundary; confirmation count 74,0.58,,3.95,0.55,False
